Name,Aa-T,Aa-A,Aa-EN,Aa-RI,Aa-VE,Aa-CR,Aa-MO,Aa-MMt,Ab-T,Ab-A,Ab-EN,Ab-RI,Ab-VE,Ab-CR,Ab-MO,Ab-MMt,Ba-T,Ba-A,Ba-EN,Ba-RI,Ba-VE,Ba-CR,Ba-MO,Ba-MMt,Bb-T,Bb-A,Bb-EN,Bb-RI,Bb-VE,Bb-CR,Bb-MO,Bb-MMt,O-2p,M-oct,M-tetra,Hybri(O-Moct),Hybri(O-Mtet),weak-hybri
MnMn2O4,Mn,1,1.55,81,7,2.3,-0.666,1.014,0,0,0,0,0,0,0,0,Mn,2,1.55,72,7,2.3,-0.687,0.532,0,0,0,0,0,0,0,0,-2.604,-0.716,-0.194,1.888,2.41,2.41
[Li0.25Mn0.75]Mn2O4,Li,0.25,0.98,90,1,2.05,0.217,6.647,Mn,0.75,1.55,81,7,2.3,-0.666,1.014,Mn,2,1.55,72,7,2.3,-0.687,0.532,0,0,0,0,0,0,0,0,-2.638,-0.26,0.081,2.378,2.719,2.719
[Li0.5Mn0.5]Mn2O4,Li,0.5,0.98,90,1,2.05,0.217,6.647,Mn,0.5,1.55,81,7,2.3,-0.666,1.014,Mn,2,1.55,72,7,2.3,-0.687,0.532,0,0,0,0,0,0,0,0,-2.344,0.09,-0.335,2.434,2.009,2.434
[Li0.75Mn0.25]Mn2O4,Li,0.75,0.98,90,1,2.05,0.217,6.647,Mn,0.25,1.55,81,7,2.3,-0.666,1.014,Mn,2,1.55,72,7,2.3,-0.687,0.532,0,0,0,0,0,0,0,0,-2.393,-0.523,-0.661,1.87,1.732,1.87
[Na0.25Mn0.75]Mn2O4,Na,0.25,0.93,116,1,2.2,0.145,6.925,Mn,0.75,1.55,81,7,2.3,-0.666,1.014,Mn,2,1.55,72,7,2.3,-0.687,0.532,0,0,0,0,0,0,0,0,-1.394,-0.287,0.7,1.107,2.094,2.094
[Na0.5Mn0.5]Mn2O4,Na,0.5,0.93,116,1,2.2,0.145,6.925,Mn,0.5,1.55,81,7,2.3,-0.666,1.014,Mn,2,1.55,72,7,2.3,-0.687,0.532,0,0,0,0,0,0,0,0,-1.229,-0.318,0.878,0.911,2.107,2.107
[Na0.75Mn0.25]Mn2O4,Na,0.75,0.93,116,1,2.2,0.145,6.925,Mn,0.25,1.55,81,7,2.3,-0.666,1.014,Mn,2,1.55,72,7,2.3,-0.687,0.532,0,0,0,0,0,0,0,0,-1.28,-0.603,1.031,0.677,2.311,2.311
[Mg0.25Mn0.75]Mn2O4,Mg,0.25,1.31,86,2,2,2.939,10.736,Mn,0.75,1.55,81,7,2.3,-0.666,1.014,Mn,2,1.55,72,7,2.3,-0.687,0.532,0,0,0,0,0,0,0,0,-2.701,-0.467,0.172,2.234,2.873,2.873
[Mg0.5Mn0.5]Mn2O4,Mg,0.5,1.31,86,2,2,2.939,10.736,Mn,0.5,1.55,81,7,2.3,-0.666,1.014,Mn,2,1.55,72,7,2.3,-0.687,0.532,0,0,0,0,0,0,0,0,-2.506,-0.447,0.765,2.059,3.271,3.271
[Mg0.75Mn0.25]Mn2O4,Mg,0.75,1.31,86,2,2,2.939,10.736,Mn,0.25,1.55,81,7,2.3,-0.666,1.014,Mn,2,1.55,72,7,2.3,-0.687,0.532,0,0,0,0,0,0,0,0,-2.171,-0.245,0.195,1.926,2.366,2.366
[Al0.25Mn0.75]Mn2O4,Al,0.25,1.61,67.5,3,1.9,-3.361,6.146,Mn,0.75,1.55,81,7,2.3,-0.666,1.014,Mn,2,1.55,72,7,2.3,-0.687,0.532,0,0,0,0,0,0,0,0,-3.439,-1.009,-0.64,2.43,2.799,2.799
[Al0.5Mn0.5]Mn2O4,Al,0.5,1.61,67.5,3,1.9,-3.361,6.146,Mn,0.5,1.55,81,7,2.3,-0.666,1.014,Mn,2,1.55,72,7,2.3,-0.687,0.532,0,0,0,0,0,0,0,0,-3.256,-0.765,-0.74,2.491,2.516,2.516
AlMn2O4,Al,1,1.61,67.5,3,1.9,-3.361,6.146,0,0,0,0,0,0,0,0,Mn,2,1.55,72,7,2.3,-0.687,0.532,0,0,0,0,0,0,0,0,-2.575,0.027,0.269,2.602,2.844,2.844
[Ti0.25Mn0.75]Mn2O4,Ti,0.25,1.54,100,4,2.8,-4.853,0.97,Mn,0.75,1.55,81,7,2.3,-0.666,1.014,Mn,2,1.55,72,7,2.3,-0.687,0.532,0,0,0,0,0,0,0,0,-3.334,-0.793,-0.816,2.541,2.518,2.541
[Ti0.5Mn0.5]Mn2O4,Ti,0.5,1.54,100,4,2.8,-4.853,0.97,Mn,0.5,1.55,81,7,2.3,-0.666,1.014,Mn,2,1.55,72,7,2.3,-0.687,0.532,0,0,0,0,0,0,0,0,-3.204,-0.408,-0.375,2.796,2.829,2.829
[V0.25Mn0.75]Mn2O4,V,0.25,1.63,93,5,2.7,-5.036,-0.265,Mn,0.75,1.55,81,7,2.3,-0.666,1.014,Mn,2,1.55,72,7,2.3,-0.687,0.532,0,0,0,0,0,0,0,0,-3.509,-1.08,-1.461,2.429,2.048,2.429
[V0.5Mn0.5]Mn2O4,V,0.5,1.63,93,5,2.7,-5.036,-0.265,Mn,0.5,1.55,81,7,2.3,-0.666,1.014,Mn,2,1.55,72,7,2.3,-0.687,0.532,0,0,0,0,0,0,0,0,-3.394,-0.548,-0.857,2.846,2.537,2.846
[Fe0.25Mn0.75]Mn2O4,Fe,0.25,1.83,75,8,2.3,-1.609,-1.195,Mn,0.75,1.55,81,7,2.3,-0.666,1.014,Mn,2,1.55,72,7,2.3,-0.687,0.532,0,0,0,0,0,0,0,0,-1.815,-0.482,0.282,1.333,2.097,2.097
[Fe0.5Mn0.5]Mn2O4,Fe,0.5,1.83,75,8,2.3,-1.609,-1.195,Mn,0.5,1.55,81,7,2.3,-0.666,1.014,Mn,2,1.55,72,7,2.3,-0.687,0.532,0,0,0,0,0,0,0,0,-1.761,-0.34,-0.044,1.421,1.717,1.717
[Co0.25Mn0.75]Mn2O4,Co,0.25,1.88,79,9,2.3,-0.56,-1.206,Mn,0.75,1.55,81,7,2.3,-0.666,1.014,Mn,2,1.55,72,7,2.3,-0.687,0.532,0,0,0,0,0,0,0,0,-1.648,-0.212,-0.001,1.436,1.647,1.647
[Co0.5Mn0.5]Mn2O4,Co,0.5,1.88,79,9,2.3,-0.56,-1.206,Mn,0.5,1.55,81,7,2.3,-0.666,1.014,Mn,2,1.55,72,7,2.3,-0.687,0.532,0,0,0,0,0,0,0,0,-1.763,-0.395,-0.797,1.368,0.966,1.368
[Co0.75Mn0.25]Mn2O4,Co,0.75,1.88,79,9,2.3,-0.56,-1.206,Mn,0.25,1.55,81,7,2.3,-0.666,1.014,Mn,2,1.55,72,7,2.3,-0.687,0.532,0,0,0,0,0,0,0,0,-1.964,-0.603,-1.347,1.361,0.617,1.361
[Ni0.25Mn0.75]Mn2O4,Ni,0.25,1.92,83,10,2.3,0.212,-2.225,Mn,0.75,1.55,81,7,2.3,-0.666,1.014,Mn,2,1.55,72,7,2.3,-0.687,0.532,0,0,0,0,0,0,0,0,-1.771,-0.411,-0.347,1.36,1.424,1.424
[Ni0.5Mn0.5]Mn2O4,Ni,0.5,1.92,83,10,2.3,0.212,-2.225,Mn,0.5,1.55,81,7,2.3,-0.666,1.014,Mn,2,1.55,72,7,2.3,-0.687,0.532,0,0,0,0,0,0,0,0,-1.789,-0.374,-1.748,1.415,0.041,1.415
[Cu0.25Mn0.75]Mn2O4,Cu,0.25,1.9,87,11,2.3,-0.862,-1.896,Mn,0.75,1.55,81,7,2.3,-0.666,1.014,Mn,2,1.55,72,7,2.3,-0.687,0.532,0,0,0,0,0,0,0,0,-1.759,-0.299,0.409,1.46,2.168,2.168
[Cu0.5Mn0.5]Mn2O4,Cu,0.5,1.9,87,11,2.3,-0.862,-1.896,Mn,0.5,1.55,81,7,2.3,-0.666,1.014,Mn,2,1.55,72,7,2.3,-0.687,0.532,0,0,0,0,0,0,0,0,-1.861,-0.509,-0.795,1.352,1.066,1.352
[Cu0.75Mn0.25]Mn2O4,Cu,0.75,1.9,87,11,2.3,-0.862,-1.896,Mn,0.25,1.55,81,7,2.3,-0.666,1.014,Mn,2,1.55,72,7,2.3,-0.687,0.532,0,0,0,0,0,0,0,0,-1.964,-0.603,-1.347,1.361,0.617,1.361
[Zn0.25Mn0.75]Mn2O4,Zn,0.25,1.65,88,12,2.3,-0.106,-5.304,Mn,0.75,1.55,81,7,2.3,-0.666,1.014,Mn,2,1.55,72,7,2.3,-0.687,0.532,0,0,0,0,0,0,0,0,-1.658,-0.337,-0.601,1.321,1.057,1.321
[Zn0.5Mn0.5]Mn2O4,Zn,0.5,1.65,88,12,2.3,-0.106,-5.304,Mn,0.5,1.55,81,7,2.3,-0.666,1.014,Mn,2,1.55,72,7,2.3,-0.687,0.532,0,0,0,0,0,0,0,0,-1.754,-0.339,-3.096,1.415,1.342,1.415
[Zn0.75Mn0.25]Mn2O4,Zn,0.75,1.65,88,12,2.3,-0.106,-5.304,Mn,0.25,1.55,81,7,2.3,-0.666,1.014,Mn,2,1.55,72,7,2.3,-0.687,0.532,0,0,0,0,0,0,0,0,-1.796,-0.47,-5.144,1.326,3.348,3.348
Mn[Li0.25Mn1.75]O4,Mn,1,1.55,81,7,2.3,-0.666,1.014,0,0,0,0,0,0,0,0,Li,0.25,0.98,90,1,2.05,0.88,8.847,Mn,1.75,1.55,72,7,2.3,-0.687,0.532,-2.845,-0.61,-0.111,2.235,2.734,2.734
Mn[Li0.5Mn1.5]O4,Mn,1,1.55,81,7,2.3,-0.666,1.014,0,0,0,0,0,0,0,0,Li,0.5,0.98,90,1,2.05,0.88,8.847,Mn,1.5,1.55,72,7,2.3,-0.687,0.532,-2.82,-1.273,0.038,1.547,2.858,2.858
Mn[Li0.75Mn1.25]O4,Mn,1,1.55,81,7,2.3,-0.666,1.014,0,0,0,0,0,0,0,0,Li,0.75,0.98,90,1,2.05,0.88,8.847,Mn,1.25,1.55,72,7,2.3,-0.687,0.532,-1.974,-0.952,0.438,1.022,2.412,2.412
Mn[Na0.25Mn1.75]O4,Mn,1,1.55,81,7,2.3,-0.666,1.014,0,0,0,0,0,0,0,0,Na,0.25,0.93,116,1,2.2,0.411,8.014,Mn,1.75,1.55,72,7,2.3,-0.687,0.532,-2.806,-0.741,-0.004,2.065,2.802,2.802
Mn[Na0.5Mn1.5]O4,Mn,1,1.55,81,7,2.3,-0.666,1.014,0,0,0,0,0,0,0,0,Na,0.5,0.93,116,1,2.2,0.411,8.014,Mn,1.5,1.55,72,7,2.3,-0.687,0.532,-2.015,-0.606,0.484,1.409,2.499,2.499
Mn[Na0.75Mn1.25]O4,Mn,1,1.55,81,7,2.3,-0.666,1.014,0,0,0,0,0,0,0,0,Na,0.75,0.93,116,1,2.2,0.411,8.014,Mn,1.25,1.55,72,7,2.3,-0.687,0.532,-1.558,-0.686,0.615,0.872,2.173,2.173
Mn[Mg0.25Mn1.75]O4,Mn,1,1.55,81,7,2.3,-0.666,1.014,0,0,0,0,0,0,0,0,Mg,0.25,1.31,86,2,2,3.538,11.543,Mn,1.75,1.55,72,7,2.3,-0.687,0.532,-2.726,-0.548,0.184,2.178,2.91,2.91
Mn[Mg0.5Mn1.5]O4,Mn,1,1.55,81,7,2.3,-0.666,1.014,0,0,0,0,0,0,0,0,Mg,0.5,1.31,86,2,2,3.538,11.543,Mn,1.5,1.55,72,7,2.3,-0.687,0.532,-2.657,-0.719,0.258,1.938,2.915,2.915
Mn[Mg0.75Mn1.25]O4,Mn,1,1.55,81,7,2.3,-0.666,1.014,0,0,0,0,0,0,0,0,Mg,0.75,1.31,86,2,2,3.538,11.543,Mn,1.25,1.55,72,7,2.3,-0.687,0.532,-2.327,-1.086,0.359,1.241,2.686,2.686
Mn[Al0.25Mn1.75]O4,Mn,1,1.55,81,7,2.3,-0.666,1.014,0,0,0,0,0,0,0,0,Al,0.25,1.61,67.5,3,1.9,-2.475,6.49,Mn,1.75,1.55,72,7,2.3,-0.687,0.532,-2.872,-0.603,0.01,2.269,2.882,2.882
Mn[Al0.5Mn1.5]O4,Mn,1,1.55,81,7,2.3,-0.666,1.014,0,0,0,0,0,0,0,0,Al,0.5,1.61,67.5,3,1.9,-2.475,6.49,Mn,1.5,1.55,72,7,2.3,-0.687,0.532,-2.732,-0.656,0.254,2.076,2.986,2.986
Mn[Al0.75Mn1.25]O4,Mn,1,1.55,81,7,2.3,-0.666,1.014,0,0,0,0,0,0,0,0,Al,0.75,1.61,67.5,3,1.9,-2.475,6.49,Mn,1.25,1.55,72,7,2.3,-0.687,0.532,-2.241,-0.294,0.679,1.947,2.92,2.92
Mn[AlMn]O4,Mn,1,1.55,81,7,2.3,-0.666,1.014,0,0,0,0,0,0,0,0,Al,1,1.61,67.5,3,1.9,-2.475,6.49,Mn,1,1.55,72,7,2.3,-0.687,0.532,-2.225,-0.197,0.773,2.028,2.998,2.998
Mn[Al1.25Mn0.75]O4,Mn,1,1.55,81,7,2.3,-0.666,1.014,0,0,0,0,0,0,0,0,Al,1.25,1.61,67.5,3,1.9,-2.475,6.49,Mn,0.75,1.55,72,7,2.3,-0.687,0.532,-2.43,-0.578,0.931,1.852,3.361,3.361
Mn[Al1.5Mn0.5]O4,Mn,1,1.55,81,7,2.3,-0.666,1.014,0,0,0,0,0,0,0,0,Al,1.5,1.61,67.5,3,1.9,-2.475,6.49,Mn,0.5,1.55,72,7,2.3,-0.687,0.532,-2.197,-0.494,1.267,1.703,3.464,3.464
Mn[Al1.75Mn0.25]O4,Mn,1,1.55,81,7,2.3,-0.666,1.014,0,0,0,0,0,0,0,0,Al,1.75,1.61,67.5,3,1.9,-2.475,6.49,Mn,0.25,1.55,72,7,2.3,-0.687,0.532,-2.294,-0.114,0.851,2.18,3.145,3.145
Mn[Al2]O4,Mn,1,1.55,81,7,2.3,-0.666,1.014,0,0,0,0,0,0,0,0,Al,2,1.61,67.5,3,1.9,-2.475,6.49,0,0,0,0,0,0,0,0,-2.372,-2.436,0.744,0.064,3.116,3.116
Mn[Ti0.25Mn1.75]O4,Mn,1,1.55,81,7,2.3,-0.666,1.014,0,0,0,0,0,0,0,0,Ti,0.25,1.54,81,4,2.8,-4.571,1.261,Mn,1.75,1.55,72,7,2.3,-0.687,0.532,-3.489,-1.055,-0.618,2.434,2.871,2.871
Mn[Ti0.5Mn1.5]O4,Mn,1,1.55,81,7,2.3,-0.666,1.014,0,0,0,0,0,0,0,0,Ti,0.5,1.54,81,4,2.8,-4.571,1.261,Mn,1.5,1.55,72,7,2.3,-0.687,0.532,-3.303,-0.553,-0.571,2.75,2.732,2.75
Mn[TiMn]O4,Mn,1,1.55,81,7,2.3,-0.666,1.014,0,0,0,0,0,0,0,0,Ti,1,1.54,81,4,2.8,-4.571,1.261,Mn,1,1.55,72,7,2.3,-0.687,0.532,-3.145,0.057,-0.33,3.202,2.815,3.202
Mn[Ti2]O4,Mn,1,1.55,81,7,2.3,-0.666,1.014,0,0,0,0,0,0,0,0,Ti,2,1.54,81,4,2.8,-4.571,1.261,0,0,0,0,0,0,0,0,-3.507,-3.613,0.008,0.106,3.515,3.515
Mn[V0.25Mn1.75]O4,Mn,1,1.55,81,7,2.3,-0.666,1.014,0,0,0,0,0,0,0,0,V,0.25,1.63,78,5,2.7,-5.052,0.264,Mn,1.75,1.55,72,7,2.3,-0.687,0.532,-3.427,-0.987,-0.901,2.44,2.526,2.526
Mn[V0.5Mn1.5]O4,Mn,1,1.55,81,7,2.3,-0.666,1.014,0,0,0,0,0,0,0,0,V,0.5,1.63,78,5,2.7,-5.052,0.264,Mn,1.5,1.55,72,7,2.3,-0.687,0.532,-2.72,-0.138,0.035,2.582,2.755,2.755
Mn[Fe0.25Mn1.75]O4,Mn,1,1.55,81,7,2.3,-0.666,1.014,0,0,0,0,0,0,0,0,Fe,0.25,1.83,69,8,2.3,-2.231,-2.167,Mn,1.75,1.55,72,7,2.3,-0.687,0.532,-1.763,-0.503,0.707,1.26,2.47,2.47
Mn[Fe0.5Mn1.5]O4,Mn,1,1.55,81,7,2.3,-0.666,1.014,0,0,0,0,0,0,0,0,Fe,0.5,1.83,69,8,2.3,-2.231,-2.167,Mn,1.5,1.55,72,7,2.3,-0.687,0.532,-1.742,-1.137,0.531,0.605,2.273,2.273
Mn[FeMn]O4,Mn,1,1.55,81,7,2.3,-0.666,1.014,0,0,0,0,0,0,0,0,Fe,1,1.83,69,8,2.3,-2.231,-2.167,Mn,1,1.55,72,7,2.3,-0.687,0.532,-1.665,-1.252,0.569,0.413,2.234,2.234
Mn[Co0.25Mn1.75]O4,Mn,1,1.55,81,7,2.3,-0.666,1.014,0,0,0,0,0,0,0,0,Co,0.25,1.88,68.5,9,2.3,-0.351,-1.176,Mn,1.75,1.55,72,7,2.3,-0.687,0.532,-1.806,0.554,-0.504,2.36,1.302,2.36
Mn[Co0.5Mn1.5]O4,Mn,1,1.55,81,7,2.3,-0.666,1.014,0,0,0,0,0,0,0,0,Co,0.5,1.88,68.5,9,2.3,-0.351,-1.176,Mn,1.5,1.55,72,7,2.3,-0.687,0.532,-1.984,-0.815,0.537,1.169,2.521,2.521
Mn[Co0.75Mn1.25]O4,Mn,1,1.55,81,7,2.3,-0.666,1.014,0,0,0,0,0,0,0,0,Co,0.75,1.88,68.5,9,2.3,-0.351,-1.176,Mn,1.25,1.55,72,7,2.3,-0.687,0.532,-1.807,-0.933,0.716,0.874,2.523,2.523
Mn[CoMn]O4,Mn,1,1.55,81,7,2.3,-0.666,1.014,0,0,0,0,0,0,0,0,Co,1,1.88,68.5,9,2.3,-0.351,-1.176,Mn,1,1.55,72,7,2.3,-0.687,0.532,-1.739,-1.084,0.634,0.655,2.373,2.373
Mn[Ni0.25Mn1.75]O4,Mn,1,1.55,81,7,2.3,-0.666,1.014,0,0,0,0,0,0,0,0,Ni,0.25,1.92,70,10,2.3,0.375,-2.236,Mn,1.75,1.55,72,7,2.3,-0.687,0.532,-1.752,-0.769,0.736,0.983,2.488,2.488
Mn[Ni0.5Mn1.5]O4,Mn,1,1.55,81,7,2.3,-0.666,1.014,0,0,0,0,0,0,0,0,Ni,0.5,1.92,70,10,2.3,0.375,-2.236,Mn,1.5,1.55,72,7,2.3,-0.687,0.532,-1.874,-1.205,0.436,0.669,2.31,2.31
Mn[NiMn]O4,Mn,1,1.55,81,7,2.3,-0.666,1.014,0,0,0,0,0,0,0,0,Ni,1,1.92,70,10,2.3,0.375,-2.236,Mn,1,1.55,72,7,2.3,-0.687,0.532,-1.636,-2.042,0.819,0.406,2.455,2.455
Mn[Cu0.25Mn1.75]O4,Mn,1,1.55,81,7,2.3,-0.666,1.014,0,0,0,0,0,0,0,0,Cu,0.25,1.9,87,11,2.3,-0.525,-1.828,Mn,1.75,1.55,72,7,2.3,-0.687,0.532,-1.639,-0.551,0.719,1.088,2.358,2.358
Mn[Cu0.5Mn1.5]O4,Mn,1,1.55,81,7,2.3,-0.666,1.014,0,0,0,0,0,0,0,0,Cu,0.5,1.9,87,11,2.3,-0.525,-1.828,Mn,1.5,1.55,72,7,2.3,-0.687,0.532,-1.747,-0.815,0.418,0.932,2.165,2.165
Mn[Zn0.25Mn1.75]O4,Mn,1,1.55,81,7,2.3,-0.666,1.014,0,0,0,0,0,0,0,0,Zn,0.25,1.65,88,12,2.3,0.601,-6.057,Mn,1.75,1.55,72,7,2.3,-0.687,0.532,-2.336,-1.112,0.384,1.224,2.72,2.72
Mn[Zn0.5Mn1.5]O4,Mn,1,1.55,81,7,2.3,-0.666,1.014,0,0,0,0,0,0,0,0,Zn,0.5,1.65,88,12,2.3,0.601,-6.057,Mn,1.5,1.55,72,7,2.3,-0.687,0.532,-2.501,-2.174,0.337,0.327,2.838,2.838
Mn[Zn0.75Mn1.25]O4,Mn,1,1.55,81,7,2.3,-0.666,1.014,0,0,0,0,0,0,0,0,Zn,0.75,1.65,88,12,2.3,0.601,-6.057,Mn,1.25,1.55,72,7,2.3,-0.687,0.532,-1.882,-3.249,0.543,1.367,2.425,2.425
[Li0.25Mn0.75][Li0.25Mn1.75]O4,Li,0.25,0.98,90,1,2.05,0.217,6.647,Mn,0.75,1.55,81,7,2.3,-0.666,1.014,Li,0.25,0.98,90,1,2.05,0.88,8.847,Mn,1.75,1.55,72,7,2.3,-0.687,0.532,-2.844,-1.142,-0.284,1.702,2.56,2.56
[Li0.25Mn0.75][Li0.5Mn1.5]O4,Li,0.25,0.98,90,1,2.05,0.217,6.647,Mn,0.75,1.55,81,7,2.3,-0.666,1.014,Li,0.5,0.98,90,1,2.05,0.88,8.847,Mn,1.5,1.55,72,7,2.3,-0.687,0.532,-2.318,-1.076,0.192,1.242,2.51,2.51
[Li0.5Mn0.5][Li0.25Mn1.75]O4,Li,0.5,0.98,90,1,2.05,0.217,6.647,Mn,0.5,1.55,81,7,2.3,-0.666,1.014,Li,0.25,0.98,90,1,2.05,0.88,8.847,Mn,1.75,1.55,72,7,2.3,-0.687,0.532,-2.553,-1.45,0.932,1.103,3.485,3.485
[Na0.25Mn0.75][Na0.25Mn1.75]O4,Na,0.25,0.93,116,1,2.2,0.145,6.925,Mn,0.75,1.55,81,7,2.3,-0.666,1.014,Na,0.25,0.93,116,1,2.2,0.411,8.014,Mn,1.75,1.55,72,7,2.3,-0.687,0.532,-2.535,-0.876,0.079,1.659,2.614,2.614
[Na0.25Mn0.75][Na0.5Mn1.5]O4,Na,0.25,0.93,116,1,2.2,0.145,6.925,Mn,0.75,1.55,81,7,2.3,-0.666,1.014,Na,0.5,0.93,116,1,2.2,0.411,8.014,Mn,1.5,1.55,72,7,2.3,-0.687,0.532,-2.205,-0.833,0.459,1.372,2.664,2.664
[Na0.5Mn0.5][Na0.25Mn1.75]O4,Na,0.5,0.93,116,1,2.2,0.145,6.925,Mn,0.5,1.55,81,7,2.3,-0.666,1.014,Na,0.25,0.93,116,1,2.2,0.411,8.014,Mn,1.75,1.55,72,7,2.3,-0.687,0.532,-1.934,-0.547,0.78,1.387,2.714,2.714
[Mg0.25Mn0.75][Mg0.25Mn1.75]O4,Mg,0.25,1.31,86,2,2,2.939,10.736,Mn,0.75,1.55,81,7,2.3,-0.666,1.014,Mg,0.25,1.31,86,2,2,3.538,11.543,Mn,1.75,1.55,72,7,2.3,-0.687,0.532,-2.434,-0.339,0.462,2.095,2.896,2.896
[Mg0.25Mn0.75][Mg0.5Mn1.5]O4,Mg,0.25,1.31,86,2,2,2.939,10.736,Mn,0.75,1.55,81,7,2.3,-0.666,1.014,Mg,0.5,1.31,86,2,2,3.538,11.543,Mn,1.5,1.55,72,7,2.3,-0.687,0.532,-2.489,-0.814,0.201,1.675,2.69,2.69
[Mg0.5Mn0.5][Mg0.25Mn1.75]O4,Mg,0.5,1.31,86,2,2,2.939,10.736,Mn,0.5,1.55,81,7,2.3,-0.666,1.014,Mg,0.25,1.31,86,2,2,3.538,11.543,Mn,1.75,1.55,72,7,2.3,-0.687,0.532,-2.175,-0.241,0.455,1.934,2.63,2.63
[Al0.25Mn0.75][Al0.25Mn1.75]O4,Al,0.25,1.61,67.5,3,1.9,-3.361,6.146,Mn,0.75,1.55,81,7,2.3,-0.666,1.014,Al,0.25,1.61,67.5,3,1.9,-2.475,6.49,Mn,1.75,1.55,72,7,2.3,-0.687,0.532,-3.207,-0.736,-0.348,2.471,2.859,2.859
[Al0.25Mn0.75][Al0.5Mn1.5]O4,Al,0.25,1.61,67.5,3,1.9,-3.361,6.146,Mn,0.75,1.55,81,7,2.3,-0.666,1.014,Al,0.5,1.61,67.5,3,1.9,-2.475,6.49,Mn,1.5,1.55,72,7,2.3,-0.687,0.532,-3.075,-0.786,-0.265,2.289,2.81,2.81
[Al0.5Mn0.5][Al0.25Mn1.75]O4,Al,0.5,1.61,67.5,3,1.9,-3.361,6.146,Mn,0.5,1.55,81,7,2.3,-0.666,1.014,Al,0.25,1.61,67.5,3,1.9,-2.475,6.49,Mn,1.75,1.55,72,7,2.3,-0.687,0.532,-3.065,-0.576,0.002,2.489,3.067,3.067
[Al0.5Mn0.5][Al0.5Mn1.5]O4,Al,0.5,1.61,67.5,3,1.9,-3.361,6.146,Mn,0.5,1.55,81,7,2.3,-0.666,1.014,Al,0.5,1.61,67.5,3,1.9,-2.475,6.49,Mn,1.5,1.55,72,7,2.3,-0.687,0.532,-2.86,-0.451,0.37,2.409,3.23,3.23
[Al0.25Mn0.75][Fe0.5Mn1.5]O4,Al,0.25,1.61,67.5,3,1.9,-3.361,6.146,Mn,0.75,1.55,81,7,2.3,-0.666,1.014,Fe,0.5,1.83,69,8,2.3,-2.231,-2.167,Mn,1.5,1.55,72,7,2.3,-0.687,0.532,-3.243,-1.202,-0.363,2.041,2.88,2.88
[Al0.25Mn0.75][Co0.25Mn1.75]O4,Al,0.25,1.61,67.5,3,1.9,-3.361,6.146,Mn,0.75,1.55,81,7,2.3,-0.666,1.014,Co,0.25,1.88,68.5,9,2.3,-0.351,-1.176,Mn,1.75,1.55,72,7,2.3,-0.687,0.532,-3.024,-0.642,-0.096,2.382,2.928,2.928
[Ti0.25Mn0.75][Al0.25Mn1.75]O4,Ti,0.25,1.54,100,4,2.8,-4.853,0.97,Mn,0.75,1.55,81,7,2.3,-0.666,1.014,Al,0.25,1.61,67.5,3,1.9,-2.475,6.49,Mn,1.75,1.55,72,7,2.3,-0.687,0.532,-3.269,-0.635,-0.287,2.634,2.982,2.982
[Ti0.25Mn0.75][Ti0.25Mn1.75]O4,Ti,0.25,1.54,100,4,2.8,-4.853,0.97,Mn,0.75,1.55,81,7,2.3,-0.666,1.014,Ti,0.25,1.54,81,4,2.8,-4.571,1.261,Mn,1.75,1.55,72,7,2.3,-0.687,0.532,-2.847,-0.199,-0.045,2.648,2.802,2.802
[Ti0.25Mn0.75][Ti0.5Mn1.5]O4,Ti,0.25,1.54,100,4,2.8,-4.853,0.97,Mn,0.75,1.55,81,7,2.3,-0.666,1.014,Ti,0.5,1.54,81,4,2.8,-4.571,1.261,Mn,1.5,1.55,72,7,2.3,-0.687,0.532,-3.158,-0.11,-0.36,3.048,2.798,3.048
[Ti0.25Mn0.75][Co0.25Mn1.75]O4,Ti,0.25,1.54,100,4,2.8,-4.853,0.97,Mn,0.75,1.55,81,7,2.3,-0.666,1.014,Co,0.25,1.88,68.5,9,2.3,-0.351,-1.176,Mn,1.75,1.55,72,7,2.3,-0.687,0.532,-2.513,-0.742,0.51,1.771,3.023,3.023
[Ti0.25Mn0.75][Ni0.25Mn1.75]O4,Ti,0.25,1.54,100,4,2.8,-4.853,0.97,Mn,0.75,1.55,81,7,2.3,-0.666,1.014,Ni,0.25,1.92,70,10,2.3,0.375,-2.236,Mn,1.75,1.55,72,7,2.3,-0.687,0.532,-2.592,-0.704,0.257,1.888,2.849,2.849
[Fe0.25Mn0.75][Al0.25Al1.75]O4,Fe,0.25,1.83,75,8,2.3,-1.609,-1.195,Mn,0.75,1.55,81,7,2.3,-0.666,1.014,Al,0.25,1.61,67.5,3,1.9,-2.475,6.49,Mn,1.75,1.55,72,7,2.3,-0.687,0.532,-2.927,-0.624,-0.435,2.303,2.492,2.492
[Fe0.25Mn0.75][Al0.5Mn1.5]O4,Fe,0.25,1.83,75,8,2.3,-1.609,-1.195,Mn,0.75,1.55,81,7,2.3,-0.666,1.014,Al,0.5,1.61,67.5,3,1.9,-2.475,6.49,Mn,1.5,1.55,72,7,2.3,-0.687,0.532,-2.75,-0.539,-0.143,2.211,2.607,2.607
[Fe0.25Mn0.75][Ti0.25Mn1.75]O4,Fe,0.25,1.83,75,8,2.3,-1.609,-1.195,Mn,0.75,1.55,81,7,2.3,-0.666,1.014,Ti,0.25,1.54,81,4,2.8,-4.571,1.261,Mn,1.75,1.55,72,7,2.3,-0.687,0.532,-3.506,-1.001,-1.249,2.505,2.257,2.505
[Fe0.25Mn0.75][Fe0.25Mn1.75]O4,Fe,0.25,1.83,75,8,2.3,-1.609,-1.195,Mn,0.75,1.55,81,7,2.3,-0.666,1.014,Fe,0.25,1.83,69,8,2.3,-2.231,-2.167,Mn,1.75,1.55,72,7,2.3,-0.687,0.532,-1.766,-0.558,0.321,1.208,2.087,2.087
[Fe0.5Mn0.5][Fe0.5Mn1.5]O4,Fe,0.5,1.83,75,8,2.3,-1.609,-1.195,Mn,0.5,1.55,81,7,2.3,-0.666,1.014,Fe,0.5,1.83,69,8,2.3,-2.231,-2.167,Mn,1.5,1.55,72,7,2.3,-0.687,0.532,-2.893,-0.349,-3.568,2.544,0.675,2.544
[Fe0.75Mn0.25][Fe0.25Mn1.75]O4,Fe,0.75,1.83,75,8,2.3,-1.609,-1.195,Mn,0.25,1.55,81,7,2.3,-0.666,1.014,Fe,0.25,1.83,69,8,2.3,-2.231,-2.167,Mn,1.75,1.55,72,7,2.3,-0.687,0.532,-2.666,-0.24,-2.114,2.426,0.552,2.426
[Fe0.25Mn0.75][Co0.25Mn1.75]O4,Fe,0.25,1.83,75,8,2.3,-1.609,-1.195,Mn,0.75,1.55,81,7,2.3,-0.666,1.014,Co,0.25,1.88,68.5,9,2.3,-0.351,-1.176,Mn,1.75,1.55,72,7,2.3,-0.687,0.532,-2.217,-0.721,-1.375,1.496,0.842,1.496
[Fe0.25Mn0.75][Ni0.25Mn1.75]O4,Fe,0.25,1.83,75,8,2.3,-1.609,-1.195,Mn,0.75,1.55,81,7,2.3,-0.666,1.014,Ni,0.25,1.92,70,10,2.3,0.375,-2.236,Mn,1.75,1.55,72,7,2.3,-0.687,0.532,-1.847,-0.963,-0.193,0.884,1.654,1.654
[Co0.25Mn0.75][Al0.25Mn1.75]O4,Co,0.25,1.88,79,9,2.3,-0.56,-1.206,Mn,0.75,1.55,81,7,2.3,-0.666,1.014,Al,0.25,1.61,67.5,3,1.9,-2.475,6.49,Mn,1.75,1.55,72,7,2.3,-0.687,0.532,-2.934,-0.665,-0.689,2.269,2.245,2.269
[Co0.25Mn0.75][Ti0.25Mn1.75]O4,Co,0.25,1.88,79,9,2.3,-0.56,-1.206,Mn,0.75,1.55,81,7,2.3,-0.666,1.014,Ti,0.25,1.54,81,4,2.8,-4.571,1.261,Mn,1.75,1.55,72,7,2.3,-0.687,0.532,-2.232,-0.507,-0.357,1.725,1.875,1.875
[Co0.25Mn0.75][Fe0.25Mn1.75]O4,Co,0.25,1.88,79,9,2.3,-0.56,-1.206,Mn,0.75,1.55,81,7,2.3,-0.666,1.014,Fe,0.25,1.83,69,8,2.3,-2.231,-2.167,Mn,1.75,1.55,72,7,2.3,-0.687,0.532,-1.813,-0.579,-0.05,1.234,1.763,1.763
[Co0.25Mn0.75][Co0.25Mn1.75]O4,Co,0.25,1.88,79,9,2.3,-0.56,-1.206,Mn,0.75,1.55,81,7,2.3,-0.666,1.014,Co,0.25,1.88,68.5,9,2.3,-0.351,-1.176,Mn,1.75,1.55,72,7,2.3,-0.687,0.532,-1.875,-0.6,-0.073,1.275,1.802,1.802
[Co0.25Mn0.75][Co0.5Mn1.5]O4,Co,0.25,1.88,79,9,2.3,-0.56,-1.206,Mn,0.75,1.55,81,7,2.3,-0.666,1.014,Co,0.5,1.88,68.5,9,2.3,-0.351,-1.176,Mn,1.5,1.55,72,7,2.3,-0.687,0.532,-1.776,-1.263,0.096,0.513,1.872,1.872
[Co0.5Mn0.5][Co0.25Mn1.75]O4,Co,0.5,1.88,79,9,2.3,-0.56,-1.206,Mn,0.5,1.55,81,7,2.3,-0.666,1.014,Co,0.25,1.88,68.5,9,2.3,-0.351,-1.176,Mn,1.75,1.55,72,7,2.3,-0.687,0.532,-1.819,-0.871,-0.739,0.948,1.08,1.08
[Co0.5Mn0.5][Co0.5Mn1.5]O4,Co,0.5,1.88,79,9,2.3,-0.56,-1.206,Mn,0.5,1.55,81,7,2.3,-0.666,1.014,Co,0.5,1.88,68.5,9,2.3,-0.351,-1.176,Mn,1.5,1.55,72,7,2.3,-0.687,0.532,-1.777,-0.984,-0.668,0.793,1.109,1.109
[Ni0.25Mn0.75][Al0.25Mn1.75]O4,Ni,0.25,1.92,83,10,2.3,0.212,-2.225,Mn,0.75,1.55,81,7,2.3,-0.666,1.014,Al,0.25,1.61,67.5,3,1.9,-2.475,6.49,Mn,1.75,1.55,72,7,2.3,-0.687,0.532,-1.421,-0.111,-0.259,1.31,1.162,1.31
[Ni0.25Mn0.75][Ni0.25Mn1.75]O4,Ni,0.25,1.92,83,10,2.3,0.212,-2.225,Mn,0.75,1.55,81,7,2.3,-0.666,1.014,Ni,0.25,1.92,70,10,2.3,0.375,-2.236,Mn,1.75,1.55,72,7,2.3,-0.687,0.532,-1.695,-0.784,-0.426,0.911,1.269,1.269
[Ni0.25Mn0.75][Ni0.5Mn1.5]O4,Ni,0.25,1.92,83,10,2.3,0.212,-2.225,Mn,0.75,1.55,81,7,2.3,-0.666,1.014,Ni,0.5,1.92,70,10,2.3,0.375,-2.236,Mn,1.5,1.55,72,7,2.3,-0.687,0.532,-1.831,-1.354,-0.588,0.477,1.243,1.243
[Cu0.25Mn0.75][Al0.25Mn1.75]O4,Cu,0.25,1.9,87,11,2.3,-0.862,-1.896,Mn,0.75,1.55,81,7,2.3,-0.666,1.014,Al,0.25,1.61,67.5,3,1.9,-2.475,6.49,Mn,1.75,1.55,72,7,2.3,-0.687,0.532,-1.501,-0.406,0.1,1.095,1.601,1.601
[Cu0.25Mn0.75][Ti0.25Mn1.75]O4,Cu,0.25,1.9,87,11,2.3,-0.862,-1.896,Mn,0.75,1.55,81,7,2.3,-0.666,1.014,Ti,0.25,1.54,81,4,2.8,-4.571,1.261,Mn,1.75,1.55,72,7,2.3,-0.687,0.532,-2.185,-0.542,-0.085,1.643,2.1,2.1
[Zn0.25Mn0.75][Al0.25Mn1.75]O4,Zn,0.25,1.65,88,12,2.3,-0.106,-5.304,Mn,0.75,1.55,81,7,2.3,-0.666,1.014,Al,0.25,1.61,67.5,3,1.9,-2.475,6.49,Mn,1.75,1.55,72,7,2.3,-0.687,0.532,-1.423,-0.146,-0.933,1.277,0.49,1.277
[Zn0.25Mn0.75][Ti0.25Mn1.75]O4,Zn,0.25,1.65,88,12,2.3,-0.106,-5.304,Mn,0.75,1.55,81,7,2.3,-0.666,1.014,Ti,0.25,1.54,81,4,2.8,-4.571,1.261,Mn,1.75,1.55,72,7,2.3,-0.687,0.532,-2.268,-0.643,-1.42,1.625,0.848,1.625
[Zn0.25Mn0.75][Zn0.25Mn1.75]O4,Zn,0.25,1.65,88,12,2.3,-0.106,-5.304,Mn,0.75,1.55,81,7,2.3,-0.666,1.014,Zn,0.25,1.65,88,12,2.3,0.601,-6.057,Mn,1.75,1.55,72,7,2.3,-0.687,0.532,-1.687,-1.464,-1.914,0.223,0.227,0.227
[Zn0.25Mn0.75][Zn0.5Mn1.5]O4,Zn,0.25,1.65,88,12,2.3,-0.106,-5.304,Mn,0.75,1.55,81,7,2.3,-0.666,1.014,Zn,0.5,1.65,88,12,2.3,0.601,-6.057,Mn,1.5,1.55,72,7,2.3,-0.687,0.532,-2.603,-2.424,-1.89,0.179,0.713,0.713
[Zn0.5Mn0.5][Zn0.25Mn1.75]O4,Zn,0.5,1.65,88,12,2.3,-0.106,-5.304,Mn,0.5,1.55,81,7,2.3,-0.666,1.014,Zn,0.25,1.65,88,12,2.3,0.601,-6.057,Mn,1.75,1.55,72,7,2.3,-0.687,0.532,-2.317,-1.203,-2.991,1.114,0.674,1.114
CoAl2O4,Co,1,1.88,79,9,2.3,-0.56,-1.206,0,0,0,0,0,0,0,0,Al,2,1.61,67.5,3,1.9,-2.475,6.49,0,0,0,0,0,0,0,0,-2.583,-1.439,-1.845,1.144,0.738,1.144
[Co0.75Al0.25][Co0.25Al1.75]O4,Co,0.75,1.88,79,9,2.3,-0.56,-1.206,Al,0.25,1.61,67.5,3,1.9,-3.361,6.146,Co,0.25,1.88,68.5,9,2.3,-0.351,-1.176,Al,1.75,1.61,67.5,3,1.9,-2.475,6.49,-2.437,-0.224,-1.591,2.213,0.846,2.213
[Co0.5Al0.5][Co0.5Al1.5]O4,Co,0.5,1.88,79,9,2.3,-0.56,-1.206,Al,0.5,1.61,67.5,3,1.9,-3.361,6.146,Co,0.5,1.88,68.5,9,2.3,-0.351,-1.176,Al,1.5,1.61,67.5,3,1.9,-2.475,6.49,-2.734,-1.423,-1.93,1.311,0.804,1.311
[Co0.25Al0.75][Co0.75Al1.25]O4,Co,0.25,1.88,79,9,2.3,-0.56,-1.206,Al,0.75,1.61,67.5,3,1.9,-3.361,6.146,Co,0.75,1.88,68.5,9,2.3,-0.351,-1.176,Al,1.25,1.61,67.5,3,1.9,-2.475,6.49,-2.797,-1.351,-1.024,1.446,1.773,1.773
Al[CoAl]O4,Al,1,1.61,67.5,3,1.9,-3.361,6.146,0,0,0,0,0,0,0,0,Co,1,1.88,68.5,9,2.3,-0.351,-1.176,Al,1,1.61,67.5,3,1.9,-2.475,6.49,-2.429,-0.848,1.393,1.581,3.822,3.822
[Li0.25Co0.75]Al2O4,Li,0.25,0.98,90,1,2.05,0.217,6.647,Co,0.75,1.88,79,9,2.3,-0.56,-1.206,Al,2,1.61,67.5,3,1.9,-2.475,6.49,0,0,0,0,0,0,0,0,-1.274,1.986,-1.733,3.26,0.459,3.26
[Li0.5Co0.5]Al2O4,Li,0.5,0.98,90,1,2.05,0.217,6.647,Co,0.5,1.88,79,9,2.3,-0.56,-1.206,Al,2,1.61,67.5,3,1.9,-2.475,6.49,0,0,0,0,0,0,0,0,0.14,4.746,-0.89,4.606,1.03,4.606
[Ti0.125Co0.875]Al2O4,Ti,0.125,1.54,100,4,2.8,-4.853,0.97,Co,0.875,1.88,79,9,2.3,-0.56,-1.206,Al,2,1.61,67.5,3,1.9,-2.475,6.49,0,0,0,0,0,0,0,0,-3.91,-1.953,-2.119,1.957,1.791,1.957
[Ti0.25Co0.75]Al2O4,Ti,0.25,1.54,100,4,2.8,-4.853,0.97,Co,0.75,1.88,79,9,2.3,-0.56,-1.206,Al,2,1.61,67.5,3,1.9,-2.475,6.49,0,0,0,0,0,0,0,0,-3.445,-0.844,-1.36,2.601,2.085,2.601
[Fe0.25Co0.75]Al2O4,Fe,0.25,1.83,75,8,2.3,-1.609,-1.195,Co,0.75,1.88,79,9,2.3,-0.56,-1.206,Al,2,1.61,67.5,3,1.9,-2.475,6.49,0,0,0,0,0,0,0,0,-3.279,-1.243,-2.206,2.036,1.073,2.036
[Ni0.25Co0.75]Al2O4,Ni,0.25,1.92,83,10,2.3,0.212,-2.225,Co,0.75,1.88,79,9,2.3,-0.56,-1.206,Al,2,1.61,67.5,3,1.9,-2.475,6.49,0,0,0,0,0,0,0,0,-1.132,1.204,-1.401,2.336,0.269,2.336
[Cu0.25Co0.75]Al2O4,Cu,0.25,1.9,87,11,2.3,-0.862,-1.896,Co,0.75,1.88,79,9,2.3,-0.56,-1.206,Al,2,1.61,67.5,3,1.9,-2.475,6.49,0,0,0,0,0,0,0,0,-0.4,3.942,-0.526,4.342,0.126,4.342
[Zn0.25Co0.75]Al2O4,Zn,0.25,1.65,88,12,2.3,-0.106,-5.304,Co,0.75,1.88,79,9,2.3,-0.56,-1.206,Al,2,1.61,67.5,3,1.9,-2.475,6.49,0,0,0,0,0,0,0,0,-1.159,1.08,-2.057,2.239,0.898,2.239
[Zn0.5Co0.5]Al2O4,Zn,0.5,1.65,88,12,2.3,-0.106,-5.304,Co,0.5,1.88,79,9,2.3,-0.56,-1.206,Al,2,1.61,67.5,3,1.9,-2.475,6.49,0,0,0,0,0,0,0,0,-0.33,4.091,-3.188,4.421,2.858,4.421
Co[Mn0.25Al1.75]O4,Co,1,1.88,79,9,2.3,-0.56,-1.206,0,0,0,0,0,0,0,0,Mn,0.25,1.55,72,7,2.3,-0.687,0.532,Al,1.75,1.61,67.5,3,1.9,-2.475,6.49,-2.181,0.224,-2.091,2.405,0.09,2.405
Co[Fe0.25Al1.75]O4,Co,1,1.88,79,9,2.3,-0.56,-1.206,0,0,0,0,0,0,0,0,Fe,0.25,1.83,69,8,2.3,-2.231,-2.167,Al,1.75,1.61,67.5,3,1.9,-2.475,6.49,-0.918,1.222,-0.766,2.14,0.152,2.14
Co[Ni0.25Al1.75]O4,Co,1,1.88,79,9,2.3,-0.56,-1.206,0,0,0,0,0,0,0,0,Ni,0.25,1.92,70,10,2.3,0.375,-2.236,Al,1.75,1.61,67.5,3,1.9,-2.475,6.49,-0.739,-0.231,-1.535,0.508,0.796,0.796
FeAl2O4,Fe,1,1.83,75,8,2.3,-1.609,-1.195,0,0,0,0,0,0,0,0,Al,2,1.61,67.5,3,1.9,-2.475,6.49,0,0,0,0,0,0,0,0,-2.371,0.059,-0.609,2.43,1.762,2.43
[Na0.25Fe0.75]Al2O4,Na,0.25,0.93,116,1,2.2,0.145,6.925,Fe,0.75,1.83,75,8,2.3,-1.609,-1.195,Al,2,1.61,67.5,3,1.9,-2.475,6.49,0,0,0,0,0,0,0,0,-2.609,0.048,-1.283,2.657,1.326,2.657
[Sc0.25Fe0.75]Al2O4,Sc,0.25,1.36,88.5,3,2.5,-5.079,1.046,Fe,0.75,1.83,75,8,2.3,-1.609,-1.195,Al,2,1.61,67.5,3,1.9,-2.475,6.49,0,0,0,0,0,0,0,0,-5.496,-3.723,-1.908,1.773,3.588,3.588
[Ti0.25Fe0.75]Al2O4,Ti,0.25,1.54,100,4,2.8,-4.853,0.97,Fe,0.75,1.83,75,8,2.3,-1.609,-1.195,Al,2,1.61,67.5,3,1.9,-2.475,6.49,0,0,0,0,0,0,0,0,-3.447,-0.61,-0.379,2.837,3.068,3.068
[V0.25Fe0.75]Al2O4,V,0.25,1.63,93,5,2.7,-5.036,-0.265,Fe,0.75,1.83,75,8,2.3,-1.609,-1.195,Al,2,1.61,67.5,3,1.9,-2.475,6.49,0,0,0,0,0,0,0,0,-4.324,-2.027,-1.536,2.297,2.788,2.788
[Cr0.25Fe0.75]Al2O4,Cr,0.25,1.66,87,6,2.5,-3.695,0.662,Fe,0.75,1.83,75,8,2.3,-1.609,-1.195,Al,2,1.61,67.5,3,1.9,-2.475,6.49,0,0,0,0,0,0,0,0,-3.108,-0.559,-0.679,2.549,2.429,2.549
[Mn0.25Fe0.75]Al2O4,Mn,0.25,1.55,81,7,2.3,-0.666,1.014,Fe,0.75,1.83,75,8,2.3,-1.609,-1.195,Al,2,1.61,67.5,3,1.9,-2.475,6.49,0,0,0,0,0,0,0,0,-2.476,0.009,-0.512,2.485,1.964,2.485
[Co0.25Fe0.75]Al2O4,Co,0.25,1.88,79,9,2.3,-0.56,-1.206,Fe,0.75,1.83,75,8,2.3,-1.609,-1.195,Al,2,1.61,67.5,3,1.9,-2.475,6.49,0,0,0,0,0,0,0,0,-2.522,-0.369,-0.755,2.153,1.767,2.153
[Ni0.25Fe0.75]Al2O4,Ni,0.25,1.92,83,10,2.3,0.212,-2.225,Fe,0.75,1.83,75,8,2.3,-1.609,-1.195,Al,2,1.61,67.5,3,1.9,-2.475,6.49,0,0,0,0,0,0,0,0,-2.416,-0.371,-0.428,2.045,1.988,2.045
[Cu0.25Fe0.75]Al2O4,Cu,0.25,1.9,87,11,2.3,-0.862,-1.896,Fe,0.75,1.83,75,8,2.3,-1.609,-1.195,Al,2,1.61,67.5,3,1.9,-2.475,6.49,0,0,0,0,0,0,0,0,-2.571,-0.382,-1.226,2.189,1.345,2.189
[Zn0.25Fe0.75]Al2O4,Zn,0.25,1.65,88,12,2.3,-0.106,-5.304,Fe,0.75,1.83,75,8,2.3,-1.609,-1.195,Al,2,1.61,67.5,3,1.9,-2.475,6.49,0,0,0,0,0,0,0,0,-2.595,0.012,-3.079,2.607,0.484,2.607
NiAl2O4,Ni,1,1.92,83,10,2.3,0.212,-2.225,0,0,0,0,0,0,0,0,Al,2,1.61,67.5,3,1.9,-2.475,6.49,0,0,0,0,0,0,0,0,-1.314,1.144,-2.771,2.458,1.457,2.458
[Ni0.75Ti0.25]Al2O4,Ni,0.75,1.92,83,10,2.3,0.212,-2.225,Ti,0.25,1.54,100,4,2.8,-4.853,0.97,Al,2,1.61,67.5,3,1.9,-2.475,6.49,0,0,0,0,0,0,0,0,-3.661,-1.436,-2.851,2.225,0.81,2.225
[Ni0.75Al0.25][Ni0.25Al1.75]O4,Ni,0.75,1.92,83,10,2.3,0.212,-2.225,Al,0.25,1.61,67.5,3,1.9,-3.361,6.146,Ni,0.25,1.92,70,10,2.3,0.375,-2.236,Al,1.75,1.61,67.5,3,1.9,-2.475,6.49,-1.547,-1.124,-2.675,0.423,1.128,1.128
[Ni0.5Al0.5][Ni0.5Al1.5]O4,Ni,0.5,1.92,83,10,2.3,0.212,-2.225,Al,0.5,1.61,67.5,3,1.9,-3.361,6.146,Ni,0.5,1.92,70,10,2.3,0.375,-2.236,Al,1.5,1.61,67.5,3,1.9,-2.475,6.49,-0.495,-0.913,-1.764,0.418,1.269,1.269
[Ni0.25Al0.75][Ni0.75Al1.25]O4,Ni,0.25,1.92,83,10,2.3,0.212,-2.225,Al,0.75,1.61,67.5,3,1.9,-3.361,6.146,Ni,0.75,1.92,70,10,2.3,0.375,-2.236,Al,1.25,1.61,67.5,3,1.9,-2.475,6.49,-0.788,-1.307,-1.196,0.519,0.408,0.519
Al[NiAl]O4,Al,1,1.61,67.5,3,1.9,-3.361,6.146,0,0,0,0,0,0,0,0,Ni,1,1.92,70,10,2.3,0.375,-2.236,Al,1,1.61,67.5,3,1.9,-2.475,6.49,-0.661,-1.646,3.594,0.985,4.255,4.255
MnAl2O4,Mn,1,1.55,81,7,2.3,-0.666,1.014,0,0,0,0,0,0,0,0,Al,2,1.61,67.5,3,1.9,-2.475,6.49,0,0,0,0,0,0,0,0,-2.372,-2.436,0.744,0.064,3.116,3.116
[Ti0.25Mn0.75]Al2O4,Ti,0.25,1.54,100,4,2.8,-4.853,0.97,Mn,0.75,1.55,81,7,2.3,-0.666,1.014,Al,2,1.61,67.5,3,1.9,-2.475,6.49,0,0,0,0,0,0,0,0,-3.566,-1.192,0.424,2.374,3.99,3.99
[Ti0.5Mn0.5]Al2O4,Ti,0.5,1.54,100,4,2.8,-4.853,0.97,Mn,0.5,1.55,81,7,2.3,-0.666,1.014,Al,2,1.61,67.5,3,1.9,-2.475,6.49,0,0,0,0,0,0,0,0,-3.909,-1.277,0.762,2.632,4.671,4.671
Mn[Mn0.5Al1.5]O4,Mn,1,1.55,81,7,2.3,-0.666,1.014,0,0,0,0,0,0,0,0,Mn,0.5,1.55,72,7,2.3,-0.687,0.532,Al,1.5,1.61,67.5,3,1.9,-2.475,6.49,-2.559,-0.231,0.905,2.328,3.464,3.464
CuAl2O4,Cu,1,1.9,87,11,2.3,-0.862,-1.896,0,0,0,0,0,0,0,0,Al,2,1.61,67.5,3,1.9,-2.475,6.49,0,0,0,0,0,0,0,0,-0.815,3.458,-1.937,4.273,1.122,4.273
[Ti0.25Cu0.75]Al2O4,Ti,0.25,1.54,100,4,2.8,-4.853,0.97,Cu,0.75,1.9,87,11,2.3,-0.862,-1.896,Al,2,1.61,67.5,3,1.9,-2.475,6.49,0,0,0,0,0,0,0,0,-3.054,-0.262,-0.922,2.792,2.132,2.792
ZnAl2O4,Zn,1,1.65,88,12,2.3,-0.106,-5.304,0,0,0,0,0,0,0,0,Al,2,1.61,67.5,3,1.9,-2.475,6.49,0,0,0,0,0,0,0,0,0.126,4.177,-4.575,4.051,4.701,4.701
[Li0.5Zn0.5]Al2O4,Li,0.5,0.98,90,1,2.05,0.217,6.647,Zn,0.5,1.65,88,12,2.3,-0.106,-5.304,Al,2,1.61,67.5,3,1.9,-2.475,6.49,0,0,0,0,0,0,0,0,-0.118,4.117,-5.225,4.235,5.107,5.107
[Ti0.125Zn0.875]Al2O4,Ti,0.125,1.54,100,4,2.8,-4.853,0.97,Zn,0.875,1.65,88,12,2.3,-0.106,-5.304,Al,2,1.61,67.5,3,1.9,-2.475,6.49,0,0,0,0,0,0,0,0,-2.822,1.335,-6.308,4.157,3.486,4.157
[Ti0.25Zn0.75]Al2O4,Ti,0.25,1.54,100,4,2.8,-4.853,0.97,Zn,0.75,1.65,88,12,2.3,-0.106,-5.304,Al,2,1.61,67.5,3,1.9,-2.475,6.49,0,0,0,0,0,0,0,0,-2.749,1.392,-5.146,4.141,2.397,4.141
[Ti0.5Zn0.5]Al2O4,Ti,0.5,1.54,100,4,2.8,-4.853,0.97,Zn,0.5,1.65,88,12,2.3,-0.106,-5.304,Al,2,1.61,67.5,3,1.9,-2.475,6.49,0,0,0,0,0,0,0,0,-4.22,-2.283,-3.216,1.937,1.004,1.937
Zn[Fe0.5Al1.5]O4,Zn,1,1.65,88,12,2.3,-0.106,-5.304,0,0,0,0,0,0,0,0,Fe,0.5,1.83,69,8,2.3,-2.231,-2.167,Al,1.5,1.61,67.5,3,1.9,-2.475,6.49,-0.344,1.314,-5.497,1.658,5.153,5.153
MgAl2O4,Mg,1,1.31,86,2,2,2.939,10.736,0,0,0,0,0,0,0,0,Al,2,1.61,67.5,3,1.9,-2.475,6.49,0,0,0,0,0,0,0,0,0.112,3.688,5.791,3.576,5.679,5.679
[Ti0.25Mg0.75]Al2O4,Ti,0.25,1.54,100,2,2.8,-4.853,0.97,Mg,0.75,1.31,86,2,2,2.939,10.736,Al,2,1.61,67.5,3,1.9,-2.475,6.49,0,0,0,0,0,0,0,0,-3.428,-0.708,3.474,2.72,6.902,6.902
LiCo2O4,Li,1,0.98,90,1,2.05,0.217,6.647,0,0,0,0,0,0,0,0,Co,2,1.88,68.5,9,2.3,-0.351,-1.176,0,0,0,0,0,0,0,0,-1.104,-1.257,10.078,0.153,11.182,11.182
Li0.75Co2O4,Li,1,0.98,90,1,2.05,0.217,6.647,0,0,0,0,0,0,0,0,Co,2,1.88,68.5,9,2.3,-0.351,-1.176,0,0,0,0,0,0,0,0,-1.821,-1.746,2.33,0.075,4.151,4.151
Li0.5Co2O4,Li,1,0.98,90,1,2.05,0.217,6.647,0,0,0,0,0,0,0,0,Co,2,1.88,68.5,9,2.3,-0.351,-1.176,0,0,0,0,0,0,0,0,-1.586,-1.871,3.353,0.285,4.939,4.939
Li0.25Co2O4,Li,1,0.98,90,1,2.05,0.217,6.647,0,0,0,0,0,0,0,0,Co,2,1.88,68.5,9,2.3,-0.351,-1.176,0,0,0,0,0,0,0,0,-1.447,-1.98,5.353,0.533,6.8,6.8
Co2O4,Co,1,1.88,79,9,2.3,-0.56,-1.206,0,0,0,0,0,0,0,0,Co,2,1.88,68.5,9,2.3,-0.351,-1.176,0,0,0,0,0,0,0,0,-1.201,-1.85,-0.908,0.649,0.293,0.649
Co[LiCo]O4,Co,1,1.88,79,9,2.3,-0.56,-1.206,0,0,0,0,0,0,0,0,Li,1,0.98,90,1,2.05,0.88,8.847,Co,1,1.88,68.5,9,2.3,-0.351,-1.176,-1.095,-2.098,-2.386,1.003,1.291,1.291
Co[Co]O4,Co,1,1.88,79,9,2.3,-0.56,-1.206,0,0,0,0,0,0,0,0,Co,2,1.88,68.5,9,2.3,-0.351,-1.176,0,0,0,0,0,0,0,0,-1.353,-2.114,-2.662,0.761,1.309,1.309
MgCo2O4,Mg,1,1.31,86,2,2,2.939,10.736,0,0,0,0,0,0,0,0,Co,2,1.88,68.5,9,2.3,-0.351,-1.176,0,0,0,0,0,0,0,0,-1.619,-0.711,4.325,0.908,5.944,5.944
AlCo2O4,Al,1,1.61,67.5,3,1.9,-3.361,6.146,0,0,0,0,0,0,0,0,Co,2,1.88,68.5,9,2.3,-0.351,-1.176,0,0,0,0,0,0,0,0,-3.014,-2.078,-4.345,0.936,1.331,1.331
Co[AlCo]O4,Co,1,1.88,79,9,2.3,-0.56,-1.206,0,0,0,0,0,0,0,0,Al,1,1.61,67.5,3,1.9,-2.475,6.49,Co,1,1.88,68.5,9,2.3,-0.351,-1.176,-1.045,-0.21,-0.83,0.835,0.215,0.835
[Al0.125Co0.875][Al0.875Co1.125]O4,Al,0.125,1.61,67.5,3,1.9,-3.361,6.146,Co,0.875,1.88,79,9,2.3,-0.56,-1.206,Al,0.875,1.61,67.5,3,1.9,-2.475,6.49,Co,1.125,1.88,68.5,9,2.3,-0.351,-1.176,-2.177,-1.371,-1.831,0.806,0.346,0.806
[Al0.25Co0.75][Al0.75Co1.25]O4,Al,0.25,1.61,67.5,3,1.9,-3.361,6.146,Co,0.75,1.88,79,9,2.3,-0.56,-1.206,Al,0.75,1.61,67.5,3,1.9,-2.475,6.49,Co,1.25,1.88,68.5,9,2.3,-0.351,-1.176,-1.961,-1.137,-1.398,0.824,0.563,0.824
[Al0.375Co0.625][Al0.625Co1.375]O4,Al,0.375,1.61,67.5,3,1.9,-3.361,6.146,Co,0.625,1.88,79,9,2.3,-0.56,-1.206,Al,0.625,1.61,67.5,3,1.9,-2.475,6.49,Co,1.375,1.88,68.5,9,2.3,-0.351,-1.176,-2.518,-1.736,-1.977,0.782,0.541,0.782
Co[AlCo]O4,Co,1,1.88,79,9,2.3,-0.56,-1.206,0,0,0,0,0,0,0,0,Al,1,1.61,67.5,3,1.9,-2.475,6.49,Co,1,1.88,68.5,9,2.3,-0.351,-1.176,-0.935,-0.077,-0.629,0.858,0.306,0.858
VCo2O4,V,1,1.63,93,5,2.7,-5.036,-0.265,0,0,0,0,0,0,0,0,Co,2,1.88,68.5,9,2.3,-0.351,-1.176,0,0,0,0,0,0,0,0,-3.055,-1.768,0.278,1.287,3.333,3.333
MnCo2O4,Mn,1,1.55,81,7,2.3,-0.666,1.014,0,0,0,0,0,0,0,0,Co,2,1.88,68.5,9,2.3,-0.351,-1.176,0,0,0,0,0,0,0,0,-2.401,-2.491,0.472,0.09,2.873,2.873
[Mn0.5Co0.5][Mn0.5Co1.5]O4,Mn,0.5,1.55,81,7,2.3,-0.666,1.014,Co,0.5,1.88,79,9,2.3,-0.56,-1.206,Mn,0.5,1.55,72,7,2.3,-0.687,0.532,Co,1.5,1.88,68.5,9,2.3,-0.351,-1.176,-2.39,-2.094,-0.726,0.296,1.664,1.664
[Mn0.125Co0.875][Mn0.875Co1.125]O4,Mn,0.125,1.55,81,7,2.3,-0.666,1.014,Co,0.875,1.88,79,9,2.3,-0.56,-1.206,Mn,0.875,1.55,72,7,2.3,-0.687,0.532,Co,1.125,1.88,68.5,9,2.3,-0.351,-1.176,-2.573,-1.292,-1.605,1.281,0.968,1.281
Co[MnCo]O4,Co,1,1.88,79,9,2.3,-0.56,-1.206,0,0,0,0,0,0,0,0,Mn,1,1.55,72,7,2.3,-0.687,0.532,Co,1,1.88,68.5,9,2.3,-0.351,-1.176,-3.487,-1.627,-2.957,1.86,0.53,1.86
FeCo2O4,Fe,1,1.83,75,8,2.3,-1.609,-1.195,0,0,0,0,0,0,0,0,Co,2,1.88,68.5,9,2.3,-0.351,-1.176,0,0,0,0,0,0,0,0,-2.905,-1.846,-1.059,1.059,1.846,1.846
[Fe0.25Co0.75][Fe0.75Co1.25]O4,Fe,0.25,1.83,75,8,2.3,-1.609,-1.195,Co,0.75,1.88,79,9,2.3,-0.56,-1.206,Fe,0.75,1.83,69,8,2.3,-2.231,-2.167,Co,1.25,1.88,68.5,9,2.3,-0.351,-1.176,-3.655,-2.022,-3.201,1.633,0.454,1.633
[Fe0.5Co0.5][Fe0.5Co1.5]O4,Fe,0.5,1.83,75,8,2.3,-1.609,-1.195,Co,0.5,1.88,79,9,2.3,-0.56,-1.206,Fe,0.5,1.83,69,8,2.3,-2.231,-2.167,Co,1.5,1.88,68.5,9,2.3,-0.351,-1.176,-3.416,-2.091,-2.591,1.325,0.825,1.325
[Fe0.75Co0.25][Fe0.25Co1.75]O4,Fe,0.75,1.83,75,8,2.3,-1.609,-1.195,Co,0.25,1.88,79,9,2.3,-0.56,-1.206,Fe,0.25,1.83,69,8,2.3,-2.231,-2.167,Co,1.75,1.88,68.5,9,2.3,-0.351,-1.176,-3.699,-2.905,-2.886,0.794,0.813,0.813
Co[FeCo]O4,Co,1,1.88,79,9,2.3,-0.56,-1.206,0,0,0,0,0,0,0,0,Fe,1,1.83,69,8,2.3,-2.231,-2.167,Co,1,1.88,68.5,9,2.3,-0.351,-1.176,-3.551,-2.705,-2.843,0.846,0.708,0.846
CoCo2O4,Co,1,1.88,79,9,2.3,-0.56,-1.206,0,0,0,0,0,0,0,0,Co,2,1.88,68.5,9,2.3,-0.351,-1.176,0,0,0,0,0,0,0,0,-2.336,-1.204,-1.371,1.132,0.965,1.132
NiCo2O4,Ni,1,1.92,83,10,2.3,0.212,-2.225,0,0,0,0,0,0,0,0,Co,2,1.88,68.5,9,2.3,-0.351,-1.176,0,0,0,0,0,0,0,0,-2.15,-0.864,-3.14,1.286,0.99,1.286
[Ni0.5Co0.5][Ni0.5Co1.5]O4,Ni,0.5,1.92,83,10,2.3,0.212,-2.225,Co,0.5,1.88,79,9,2.3,-0.56,-1.206,Ni,0.5,1.92,70,10,2.3,0.375,-2.236,Co,1.5,1.88,68.5,9,2.3,-0.351,-1.176,-2.176,-1.538,-2.382,0.638,0.206,0.638
[Ni0.125Co0.875][Ni0.875Co1.125]O4,Ni,0.125,1.92,83,10,2.3,0.212,-2.225,Co,0.875,1.88,79,9,2.3,-0.56,-1.206,Ni,0.875,1.92,70,10,2.3,0.375,-2.236,Co,1.125,1.88,68.5,9,2.3,-0.351,-1.176,-1.493,-0.768,-0.711,0.725,0.782,0.782
Co[NiCo]O4,Co,1,1.88,79,9,2.3,-0.56,-1.206,0,0,0,0,0,0,0,0,Ni,1,1.92,70,10,2.3,0.375,-2.236,Co,1,1.88,68.5,9,2.3,-0.351,-1.176,-2.232,-1.829,-2.84,0.403,0.608,0.608
CuCo2O4,Cu,1,1.9,87,11,2.3,-0.862,-1.896,0,0,0,0,0,0,0,0,Co,2,1.88,68.5,9,2.3,-0.351,-1.176,0,0,0,0,0,0,0,0,-1.947,-1.278,-1.804,0.669,0.143,0.669
ZnCo2O4,Zn,1,1.65,88,12,2.3,-0.106,-5.304,0,0,0,0,0,0,0,0,Co,2,1.88,68.5,9,2.3,-0.351,-1.176,0,0,0,0,0,0,0,0,-1.463,-0.885,-5.981,0.578,4.518,4.518
[Zn0.25Li0.75]Co2O4,Zn,0.25,1.65,88,12,2.3,-0.106,-5.304,Li,0.75,0.98,90,1,2.05,0.217,6.647,Co,2,1.88,68.5,9,2.3,-0.351,-1.176,0,0,0,0,0,0,0,0,-1.727,-1.476,-3.807,0.251,2.08,2.08
[Zn0.5Li0.5]Co2O4,Zn,0.5,1.65,88,12,2.3,-0.106,-5.304,Li,0.5,0.98,90,1,2.05,0.217,6.647,Co,2,1.88,68.5,9,2.3,-0.351,-1.176,0,0,0,0,0,0,0,0,-0.789,-0.806,-4.514,0.017,3.725,3.725
[Zn0.5Li0.5][Co1.875Fe0.125]O4,Zn,0.5,1.65,88,12,2.3,-0.106,-5.304,Li,0.5,0.98,90,1,2.05,0.217,6.647,Co,1.875,1.88,68.5,9,2.3,-0.351,-1.176,Fe,0.125,1.83,69,8,2.3,-2.231,-2.167,-1.807,-1.443,-5.478,0.364,3.671,3.671
[Co0.5Zn0.5][Co1.5Li0.5]O4 ,Co,0.5,1.88,79,9,2.3,-0.56,-1.206,Zn,0.5,1.65,88,12,2.3,-0.106,-5.304,Co,1.5,1.88,68.5,9,2.3,-0.351,-1.176,Li,0.5,0.98,90,1,2.05,0.88,8.847,-1.288,-1.34,-2.839,0.052,1.551,1.551
[Zn0.75Li0.25]Co2O4,Zn,0.75,1.65,88,12,2.3,-0.106,-5.304,Li,0.25,0.98,90,1,2.05,0.217,6.647,Co,2,1.88,68.5,9,2.3,-0.351,-1.176,0,0,0,0,0,0,0,0,-1.999,-1.152,-6.281,0.847,4.282,4.282
[Zn0.5Na0.5]Co2O4,Zn,0.5,1.65,88,12,2.3,-0.106,-5.304,Na,0.5,0.93,116,1,2.2,0.145,6.925,Co,2,1.88,68.5,9,2.3,-0.351,-1.176,0,0,0,0,0,0,0,0,-1.338,-1.178,-5.643,0.16,4.305,4.305
[Zn0.5Mg0.5]Co2O4,Zn,0.5,1.65,88,12,2.3,-0.106,-5.304,Mg,0.5,1.31,86,2,2,2.939,10.736,Co,2,1.88,68.5,9,2.3,-0.351,-1.176,0,0,0,0,0,0,0,0,-0.96,-0.556,-5.207,0.404,4.247,4.247
V[CoLi]O4,V,1,1.63,93,5,2.7,-5.036,-0.265,0,0,0,0,0,0,0,0,Co,1,1.88,68.5,9,2.3,-0.351,-1.176,Li,1,0.98,90,1,2.05,0.88,8.847,-2.002,-0.941,0.563,1.061,2.565,2.565
V[NiLi]O4,V,1,1.63,93,5,2.7,-5.036,-0.265,0,0,0,0,0,0,0,0,Ni,1,1.92,70,10,2.3,0.375,-2.236,Li,1,0.98,90,1,2.05,0.88,8.847,-0.523,-2.174,1.28,1.651,1.803,1.803
MgFe2O4,Mg,1,1.31,86,2,2,2.939,10.736,0,0,0,0,0,0,0,0,Fe,2,1.83,69,8,2.3,-2.231,-2.167,0,0,0,0,0,0,0,0,-2.409,-1.421,2.573,0.988,4.982,4.982
MnFe2O4,Mn,1,1.55,81,7,2.3,-0.666,1.014,0,0,0,0,0,0,0,0,Fe,2,1.83,69,8,2.3,-2.231,-2.167,0,0,0,0,0,0,0,0,-2.015,-2.237,1.126,0.222,3.141,3.141
[Mn0.75Fe0.25][Mn0.25Fe1.75]O4,Mn,0.75,1.55,81,7,2.3,-0.666,1.014,Fe,0.25,1.83,75,8,2.3,-1.609,-1.195,Mn,0.25,1.55,72,7,2.3,-0.687,0.532,Fe,1.75,1.83,69,8,2.3,-2.231,-2.167,-2.65,-2.616,-1.017,0.034,1.633,1.633
Fe[MnFe]O4,Fe,1,1.83,75,8,2.3,-1.609,-1.195,0,0,0,0,0,0,0,0,Mn,1,1.55,72,7,2.3,-0.687,0.532,Fe,1,1.83,69,8,2.3,-2.231,-2.167,-2.743,-1.219,-2.629,1.524,0.114,1.524
FeFe2O4,Fe,1,1.83,75,8,2.3,-1.609,-1.195,0,0,0,0,0,0,0,0,Fe,2,1.83,69,8,2.3,-2.231,-2.167,0,0,0,0,0,0,0,0,-3.559,-2.47,-3.507,1.089,0.052,1.089
CoFe2O4,Co,1,1.88,79,9,2.3,-0.56,-1.206,0,0,0,0,0,0,0,0,Fe,2,1.83,69,8,2.3,-2.231,-2.167,0,0,0,0,0,0,0,0,-2.425,-2.875,-1.52,0.45,0.905,0.905
[Co0.125Fe0.875][Co0.875Fe1.125]O4,Co,0.125,1.88,79,9,2.3,-0.56,-1.206,Fe,0.875,1.83,75,8,2.3,-1.609,-1.195,Co,0.875,1.88,68.5,9,2.3,-0.351,-1.176,Fe,1.125,1.83,69,8,2.3,-2.231,-2.167,-2.491,-2.102,-3.52,0.389,1.029,1.029
Fe[CoFe]O4,Fe,1,1.83,75,8,2.3,-1.609,-1.195,0,0,0,0,0,0,0,0,Co,1,1.88,68.5,9,2.3,-0.351,-1.176,Fe,1,1.83,69,8,2.3,-2.231,-2.167,-2.48,-1.837,-2.228,0.643,0.252,0.643
NiFe2O4,Ni,1,1.92,83,10,2.3,0.212,-2.225,0,0,0,0,0,0,0,0,Fe,2,1.83,69,8,2.3,-2.231,-2.167,0,0,0,0,0,0,0,0,-1.375,-2.121,-3.203,0.746,1.828,1.828
[Ni0.5Fe0.5][Ni0.5Fe1.5]O4,Ni,0.5,1.92,83,10,2.3,0.212,-2.225,Fe,0.5,1.83,75,8,2.3,-1.609,-1.195,Ni,0.5,1.92,70,10,2.3,0.375,-2.236,Fe,1.5,1.83,69,8,2.3,-2.231,-2.167,-1.718,-2.531,-2.788,0.813,1.07,1.07
[Ni0.125Fe0.875][Ni0.875Fe1.125]O4,Ni,0.125,1.92,83,10,2.3,0.212,-2.225,Fe,0.875,1.83,75,8,2.3,-1.609,-1.195,Ni,0.875,1.92,70,10,2.3,0.375,-2.236,Fe,0.125,1.83,69,8,2.3,-2.231,-2.167,-2.115,-2.502,-2.221,0.387,0.106,0.387
Fe[NiFe]O4,Fe,1,1.83,75,8,2.3,-1.609,-1.195,0,0,0,0,0,0,0,0,Ni,1,1.92,70,10,2.3,0.375,-2.236,Fe,1,1.83,69,8,2.3,-2.231,-2.167,-2.085,-2.419,-2.249,0.334,0.164,0.334
CuFe2O4,Cu,1,1.9,87,11,2.3,-0.862,-1.896,0,0,0,0,0,0,0,0,Fe,2,1.83,69,8,2.3,-2.231,-2.167,0,0,0,0,0,0,0,0,-1.896,-2.471,-1.913,0.575,0.017,0.575
ZnFe2O4,Zn,1,1.65,88,12,2.3,-0.106,-5.304,0,0,0,0,0,0,0,0,Fe,2,1.83,69,8,2.3,-2.231,-2.167,0,0,0,0,0,0,0,0,-2.082,-2.289,-6.192,0.207,4.11,4.11
LiMn2O4,Li,1,0.98,90,1,2.05,0.217,6.647,0,0,0,0,0,0,0,0,Mn,2,1.55,72,7,2.3,-0.687,0.532,0,0,0,0,0,0,0,0,-2.839,-1.224,-3.081,1.615,0.242,1.615
Li0.75Mn2O4,Li,0.75,0.98,90,1,2.05,0.217,6.647,0,0,0,0,0,0,0,0,Mn,2,1.55,72,7,2.3,-0.687,0.532,0,0,0,0,0,0,0,0,-2.725,-1.016,-1.428,1.709,1.297,1.709
Li[Ni0.25Mn1.75]O4,Li,1,0.98,90,1,2.05,0.217,6.647,0,0,0,0,0,0,0,0,Ni,0.25,1.92,70,10,2.3,0.375,-2.236,Mn,1.75,1.55,72,7,2.3,-0.687,0.532,-2.46,-1.373,1.529,1.087,3.989,3.989
MgMn2O4,Mg,1,1.31,86,2,2,2.939,10.736,0,0,0,0,0,0,0,0,Mn,2,1.55,72,7,2.3,-0.687,0.532,0,0,0,0,0,0,0,0,-1.852,-0.269,2.455,1.583,4.307,4.307
FeMn2O4,Fe,1,1.83,75,8,2.3,-1.609,-1.195,0,0,0,0,0,0,0,0,Mn,2,1.55,72,7,2.3,-0.687,0.532,0,0,0,0,0,0,0,0,-1.999,-0.026,-3.35,1.973,1.351,1.973
CoMn2O4,Co,1,1.88,79,9,2.3,-0.56,-1.206,0,0,0,0,0,0,0,0,Mn,2,1.55,72,7,2.3,-0.687,0.532,0,0,0,0,0,0,0,0,-3.436,-1.312,-2.905,2.124,0.531,2.124
NiMn2O4,Ni,1,1.92,83,10,2.3,0.212,-2.225,0,0,0,0,0,0,0,0,Mn,2,1.55,72,7,2.3,-0.687,0.532,0,0,0,0,0,0,0,0,-2.913,-0.2,-4.132,2.713,1.219,2.713
CuMn2O4,Cu,1,1.9,87,11,2.3,-0.862,-1.896,0,0,0,0,0,0,0,0,Mn,2,1.55,72,7,2.3,-0.687,0.532,0,0,0,0,0,0,0,0,-1.939,-0.646,-1.687,1.293,0.252,1.293
ZnMn2O4,Zn,1,1.65,88,12,2.3,-0.106,-5.304,0,0,0,0,0,0,0,0,Mn,2,1.55,72,7,2.3,-0.687,0.532,0,0,0,0,0,0,0,0,-1.766,-0.355,-6.645,1.411,4.879,4.879
[Co0.5Mn0.5]Mn2O4,Co,0.5,1.88,79,9,2.3,-0.56,-1.206,Mn,0.5,1.55,81,7,2.3,-0.666,1.014,Mn,2,1.55,72,7,2.3,-0.687,0.532,0,0,0,0,0,0,0,0,-3.11,-1.025,-2.956,2.085,0.154,2.085
[Co0.5Li0.5]Mn2O4,Co,0.5,1.88,79,9,2.3,-0.56,-1.206,Li,0.5,0.98,90,1,2.05,0.217,6.647,Mn,2,1.55,72,7,2.3,-0.687,0.532,0,0,0,0,0,0,0,0,-1.824,-0.409,-1.447,1.415,0.377,1.415
[Co0.5Mg0.5]Mn2O4,Co,0.5,1.88,79,9,2.3,-0.56,-1.206,Mg,0.5,1.31,86,2,2,2.939,10.736,Mn,2,1.55,72,7,2.3,-0.687,0.532,0,0,0,0,0,0,0,0,-1.836,-0.437,-1.634,1.399,0.202,1.399
[Co0.5Zn0.5]Mn2O4,Co,0.5,1.88,79,9,2.3,-0.56,-1.206,Zn,0.5,1.65,88,12,2.3,-0.106,-5.304,Mn,2,1.55,72,7,2.3,-0.687,0.532,0,0,0,0,0,0,0,0,-2.003,-0.475,-4.702,1.528,2.699,2.699
[Fe0.5Co0.5]Mn2O4,Fe,0.5,1.83,75,8,2.3,-1.609,-1.195,Co,0.5,1.88,79,9,2.3,-0.56,-1.206,Mn,2,1.55,72,7,2.3,-0.687,0.532,0,0,0,0,0,0,0,0,-2.314,-0.798,-2.827,1.516,0.513,1.516
[Fe0.5Cu0.5]Mn2O4,Fe,0.5,1.83,75,8,2.3,-1.609,-1.195,Cu,0.5,1.9,87,11,2.3,-0.862,-1.896,Mn,2,1.55,72,7,2.3,-0.687,0.532,0,0,0,0,0,0,0,0,-2.25,-0.638,-2.938,1.612,0.688,1.612
[Fe0.5Li0.5]Mn2O4,Fe,0.5,1.83,75,8,2.3,-1.609,-1.195,Li,0.5,0.98,90,1,2.05,0.217,6.647,Mn,2,1.55,72,7,2.3,-0.687,0.532,0,0,0,0,0,0,0,0,-1.819,-0.68,-5.127,1.139,3.308,3.308
[Fe0.5Mg0.5]Mn2O4,Fe,0.5,1.83,75,8,2.3,-1.609,-1.195,Mg,0.5,1.31,86,2,2,2.939,10.736,Mn,2,1.55,72,7,2.3,-0.687,0.532,0,0,0,0,0,0,0,0,-3.183,-0.587,-3.856,2.596,0.673,2.596
[Fe0.5Zn0.5]Mn2O4,Fe,0.5,1.83,75,8,2.3,-1.609,-1.195,Zn,0.5,1.65,88,12,2.3,-0.106,-5.304,Mn,2,1.55,72,7,2.3,-0.687,0.532,0,0,0,0,0,0,0,0,-3.061,-0.907,-5.443,2.154,2.382,2.382
Zn[Fe0.125Co1.875]O4,Zn,1,1.65,88,12,2.3,-0.106,-5.304,0,0,0,0,0,0,0,0,Fe,0.125,1.83,69,8,2.3,-2.231,-2.167,Co,1.875,1.88,68.5,9,2.3,-0.351,-1.176,-1.522,-0.8,-5.645,0.722,4.123,4.123
Zn[Fe0.25Co1.75]O4,Zn,1,1.65,88,12,2.3,-0.106,-5.304,0,0,0,0,0,0,0,0,Fe,0.25,1.83,69,8,2.3,-2.231,-2.167,Co,1.75,1.88,68.5,9,2.3,-0.351,-1.176,-1.546,-1.155,-5.988,0.391,4.442,4.442
Zn[Fe0.375Co1.625]O4,Zn,1,1.65,88,12,2.3,-0.106,-5.304,0,0,0,0,0,0,0,0,Fe,0.375,1.83,69,8,2.3,-2.231,-2.167,Co,1.625,1.88,68.5,9,2.3,-0.351,-1.176,-1.486,-1.078,-5.97,0.408,4.484,4.484
Zn[Fe0.5Co1.5]O4,Zn,1,1.65,88,12,2.3,-0.106,-5.304,0,0,0,0,0,0,0,0,Fe,0.5,1.83,69,8,2.3,-2.231,-2.167,Co,1.5,1.88,68.5,9,2.3,-0.351,-1.176,-1.97,-1.659,-6.32,0.311,4.35,4.35
Zn[Fe0.625Co1.375]O4,Zn,1,1.65,88,12,2.3,-0.106,-5.304,0,0,0,0,0,0,0,0,Fe,0.625,1.83,69,8,2.3,-2.231,-2.167,Co,1.375,1.88,68.5,9,2.3,-0.351,-1.176,-1.377,-0.986,-5.924,0.391,4.547,4.547
Zn[Fe0.75Co1.25]O4,Zn,1,1.65,88,12,2.3,-0.106,-5.304,0,0,0,0,0,0,0,0,Fe,0.75,1.83,69,8,2.3,-2.231,-2.167,Co,1.25,1.88,68.5,9,2.3,-0.351,-1.176,-1.57,-1.646,-6.056,0.076,4.486,4.486
Zn[Fe0.875Co1.125]O4,Zn,1,1.65,88,12,2.3,-0.106,-5.304,0,0,0,0,0,0,0,0,Fe,0.875,1.83,69,8,2.3,-2.231,-2.167,Co,1.125,1.88,68.5,9,2.3,-0.351,-1.176,-2.644,-2.698,-7.135,0.054,4.491,4.491
Zn[FeCo]O4,Zn,1,1.65,88,12,2.3,-0.106,-5.304,0,0,0,0,0,0,0,0,Fe,1,1.83,69,8,2.3,-2.231,-2.167,Co,1,1.88,68.5,9,2.3,-0.351,-1.176,-1.562,-1.894,-6.172,0.332,4.61,4.61
Zn[Fe1.125Co0.875]O4,Zn,1,1.65,88,12,2.3,-0.106,-5.304,0,0,0,0,0,0,0,0,Fe,1.125,1.83,69,8,2.3,-2.231,-2.167,Co,0.875,1.88,68.5,9,2.3,-0.351,-1.176,-1.491,-2.419,-6.072,0.928,4.581,4.581
Zn[Fe1.25Co0.75]O4,Zn,1,1.65,88,12,2.3,-0.106,-5.304,0,0,0,0,0,0,0,0,Fe,1.25,1.83,69,8,2.3,-2.231,-2.167,Co,0.75,1.88,68.5,9,2.3,-0.351,-1.176,-1.738,-2.448,-6.424,0.71,4.686,4.686
Zn[Fe1.375Co0.625]O4,Zn,1,1.65,88,12,2.3,-0.106,-5.304,0,0,0,0,0,0,0,0,Fe,1.375,1.83,69,8,2.3,-2.231,-2.167,Co,0.625,1.88,68.5,9,2.3,-0.351,-1.176,-1.374,-2.571,-6.043,1.197,4.669,4.669
Zn[Fe1.5Co0.5]O4,Zn,1,1.65,88,12,2.3,-0.106,-5.304,0,0,0,0,0,0,0,0,Fe,1.5,1.83,69,8,2.3,-2.231,-2.167,Co,0.5,1.88,68.5,9,2.3,-0.351,-1.176,-1.422,-2.744,-5.981,1.322,4.559,4.559
Zn[Fe1.625Co0.375]O4,Zn,1,1.65,88,12,2.3,-0.106,-5.304,0,0,0,0,0,0,0,0,Fe,1.625,1.83,69,8,2.3,-2.231,-2.167,Co,0.375,1.88,68.5,9,2.3,-0.351,-1.176,-1.263,-1.854,-5.865,0.591,4.602,4.602
Zn[Fe1.75Co0.25]O4,Zn,1,1.65,88,12,2.3,-0.106,-5.304,0,0,0,0,0,0,0,0,Fe,1.75,1.83,69,8,2.3,-2.231,-2.167,Co,0.25,1.88,68.5,9,2.3,-0.351,-1.176,-1.415,-2.495,-6.077,1.08,4.662,4.662
Zn[Fe1.875Co0.125]O4,Zn,1,1.65,88,12,2.3,-0.106,-5.304,0,0,0,0,0,0,0,0,Fe,1.875,1.83,69,8,2.3,-2.231,-2.167,Co,0.125,1.88,68.5,9,2.3,-0.351,-1.176,-1.197,-2.125,-5.818,0.928,4.621,4.621
ZnFe2O4,Zn,1,1.65,88,12,2.3,-0.106,-5.304,0,0,0,0,0,0,0,0,Fe,2,1.83,69,8,2.3,-2.231,-2.167,0,0,0,0,0,0,0,0,-1.728,-2.203,-5.845,0.475,4.117,4.117
Zn[Ni0.25Co1.75]O4,Zn,1,1.65,88,12,2.3,-0.106,-5.304,0,0,0,0,0,0,0,0,Ni,0.25,1.92,70,10,2.3,0.375,-2.236,Co,1.75,1.88,68.5,9,2.3,-0.351,-1.176,-1.522,-1.067,-5.888,0.455,4.366,4.366
Zn[Ni0.375Co1.625]O4,Zn,1,1.65,88,12,2.3,-0.106,-5.304,0,0,0,0,0,0,0,0,Ni,0.375,1.92,70,10,2.3,0.375,-2.236,Co,1.625,1.88,68.5,9,2.3,-0.351,-1.176,-0.971,-1.327,-6.32,0.356,5.349,5.349
Zn[Ni0.625Co1.375]O4,Zn,1,1.65,88,12,2.3,-0.106,-5.304,0,0,0,0,0,0,0,0,Ni,0.625,1.92,70,10,2.3,0.375,-2.236,Co,1.375,1.88,68.5,9,2.3,-0.351,-1.176,-0.994,-1.675,-6.082,0.681,5.088,5.088
Zn[Ni0.75Co1.25]O4,Zn,1,1.65,88,12,2.3,-0.106,-5.304,0,0,0,0,0,0,0,0,Ni,0.75,1.92,70,10,2.3,0.375,-2.236,Co,1.25,1.88,68.5,9,2.3,-0.351,-1.176,-0.695,-1.496,-5.74,0.801,5.045,5.045
Zn[Ni1.135Co0.625]O4,Zn,1,1.65,88,12,2.3,-0.106,-5.304,0,0,0,0,0,0,0,0,Ni,1.135,1.92,70,10,2.3,0.375,-2.236,Co,0.625,1.88,68.5,9,2.3,-0.351,-1.176,-0.594,-2.031,-5.534,1.437,4.94,4.94
ZnNi2O4,Zn,1,1.65,88,12,2.3,-0.106,-5.304,0,0,0,0,0,0,0,0,Ni,2,1.92,70,10,2.3,0.375,-2.236,0,0,0,0,0,0,0,0,-0.431,-2.768,-5.752,2.337,5.321,5.321
V[Co]O4,V,1,1.63,93,5,2.7,-5.036,-0.265,0,0,0,0,0,0,0,0,Co,1,1.88,68.5,9,2.3,-0.351,-1.176,0,0,0,0,0,0,0,0,-1.73,-1.684,0.837,1.73,1.684,1.73
V[Ni]O4,V,1,1.63,93,5,2.7,-5.036,-0.265,0,0,0,0,0,0,0,0,Ni,1,1.92,70,10,2.3,0.375,-2.236,0,0,0,0,0,0,0,0,-0.589,-2.421,1.799,0.589,2.421,2.421
VMn2O4,V,1,1.63,93,5,2.7,-5.036,-0.265,0,0,0,0,0,0,0,0,Mn,2,1.55,72,7,2.3,-0.687,0.532,0,0,0,0,0,0,0,0,-3.5,-0.309,0.223,3.5,0.309,3.5
NaMn2O4,Na,1,0.93,116,1,2.2,0.145,6.925,0,0,0,0,0,0,0,0,Mn,2,1.55,72,7,2.3,-0.687,0.532,0,0,0,0,0,0,0,0,-1.078,-0.618,0.5,1.078,0.618,1.078
CrMn2O4,Cr,1,1.66,87,6,2.5,-3.695,0.662,0,0,0,0,0,0,0,0,Mn,2,1.55,72,7,2.3,-0.687,0.532,0,0,0,0,0,0,0,0,-3.524,-0.557,-0.93,3.524,0.557,3.524
ScMn2O4,Sc,1,1.36,88.5,3,2.5,-5.079,1.046,0,0,0,0,0,0,0,0,Mn,2,1.55,72,7,2.3,-0.687,0.532,0,0,0,0,0,0,0,0,-2.684,-0.25,3.233,2.684,0.25,2.684
TiMn2O4,Ti,1,1.54,100,4,2.8,-4.853,0.97,0,0,0,0,0,0,0,0,Mn,2,1.55,72,7,2.3,-0.687,0.532,0,0,0,0,0,0,0,0,-2.973,0.433,-0.258,2.973,0.433,2.973
TiCo2O4,Ti,1,1.54,100,4,2.8,-4.853,0.97,0,0,0,0,0,0,0,0,Co,2,1.88,68.5,9,2.3,-0.351,-1.176,0,0,0,0,0,0,0,0,-2.343,-1.059,1.2,2.343,1.059,2.343
CrCo2O4,Cr,1,1.66,87,6,2.5,-3.695,0.662,0,0,0,0,0,0,0,0,Co,2,1.88,68.5,9,2.3,-0.351,-1.176,0,0,0,0,0,0,0,0,-2.521,-1.457,-0.531,2.521,1.457,2.521
MnTi2O4,Mn,1,1.55,81,7,2.3,-0.666,1.014,0,0,0,0,0,0,0,0,Ti,2,1.54,81,4,2.8,-4.571,1.261,0,0,0,0,0,0,0,0,-3.507,-3.613,0.008,0.106,3.515,3.515
TiCo2O4,Ti,1,1.54,100,4,2.8,-4.853,0.97,0,0,0,0,0,0,0,0,Co,2,1.88,68.5,9,2.3,-0.351,-1.176,0,0,0,0,0,0,0,0,-2.343,-1.059,1.2,1.284,3.543,3.543
FeCr2O4,Fe,1,1.83,75,8,2.3,-1.609,-1.195,0,0,0,0,0,0,0,0,Cr,2,1.66,75.5,6,2.5,-3.695,0.662,0,0,0,0,0,0,0,0,-2.863,0.656,-1.074,3.519,1.789,3.519
ZnCr2O4,Zn,1,1.65,88,12,2.3,-0.106,-5.304,0,0,0,0,0,0,0,0,Cr,2,1.66,75.5,6,2.5,-3.695,0.662,0,0,0,0,0,0,0,0,-1.836,1.64,-5.986,3.476,4.15,4.15
[Ti0.125Co0.875]Co2O4,Ti,0.125,1.54,100,4,2.8,-4.853,0.97,Co,0.875,1.88,79,9,2.3,-0.56,-1.206,Co,2,1.88,68.5,9,2.3,-0.351,-1.176,0,0,0,0,0,0,0,0,-2.876,-2.179,-1.732,0.697,1.144,1.144
[Ti0.875Co0.125]Co2O4,Ti,0.875,1.54,100,4,2.8,-4.853,0.97,Co,0.125,1.88,79,9,2.3,-0.56,-1.206,Co,2,1.88,68.5,9,2.3,-0.351,-1.176,0,0,0,0,0,0,0,0,-2.222,-1.174,0.604,1.048,2.826,2.826
Co[Ti0.25Co1.75]O4,Co,1,1.88,79,9,2.3,-0.56,-1.206,0,0,0,0,0,0,0,0,Ti,0.25,1.54,81,4,2.8,-4.571,1.261,Co,1.75,1.88,68.5,9,2.3,-0.351,-1.176,-2.565,-1.499,-2.081,1.066,0.484,1.066
Co[Ti1.75Co0.25]O4,Co,1,1.88,79,9,2.3,-0.56,-1.206,0,0,0,0,0,0,0,0,Ti,1.75,1.54,81,4,2.8,-4.571,1.261,Co,0.25,1.88,68.5,9,2.3,-0.351,-1.176,-3.288,0.782,-2.439,4.07,0.849,4.07
[V0.125Co0.875]Co2O4,V,0.125,1.63,93,5,2.7,-5.036,-0.265,Co,0.875,1.88,79,9,2.3,-0.56,-1.206,Co,2,1.88,68.5,9,2.3,-0.351,-1.176,0,0,0,0,0,0,0,0,-2.997,-2.19,-2.028,0.807,0.969,0.969
[V0.875Co0.125]Co2O4,V,0.875,1.63,93,5,2.7,-5.036,-0.265,Co,0.125,1.88,79,9,2.3,-0.56,-1.206,Co,2,1.88,68.5,9,2.3,-0.351,-1.176,0,0,0,0,0,0,0,0,-3.239,-1.953,0.459,1.286,3.698,3.698
Co[V0.25Co1.75]O4,Co,1,1.88,79,9,2.3,-0.56,-1.206,0,0,0,0,0,0,0,0,V,0.25,1.63,78,5,2.7,-5.052,0.264,Co,1.75,1.88,68.5,9,2.3,-0.351,-1.176,-2.057,-1.152,-1.82,0.905,0.237,0.905
Co[V1.75Co0.25]O4,Co,1,1.88,79,9,2.3,-0.56,-1.206,0,0,0,0,0,0,0,0,V,1.75,1.63,78,5,2.7,-5.052,0.264,Co,0.25,1.88,68.5,9,2.3,-0.351,-1.176,-3.142,0.506,-1.888,3.648,1.254,3.648
[Cr0.125Co0.875]Co2O4,Cr,0.125,1.66,87,6,2.5,-3.695,0.662,Co,0.875,1.88,79,9,2.3,-0.56,-1.206,Co,2,1.88,68.5,9,2.3,-0.351,-1.176,0,0,0,0,0,0,0,0,-2.441,-1.692,-1.714,0.749,0.727,0.749
[Cr0.875Co0.125]Co2O4,Cr,0.875,1.66,87,6,2.5,-3.695,0.662,Co,0.125,1.88,79,9,2.3,-0.56,-1.206,Co,2,1.88,68.5,9,2.3,-0.351,-1.176,0,0,0,0,0,0,0,0,-2.828,-1.858,-0.984,0.97,1.844,1.844
Co[Cr0.25Co1.75]O4,Co,1,1.88,79,9,2.3,-0.56,-1.206,0,0,0,0,0,0,0,0,Cr,0.25,1.66,75.5,6,2.5,-3.695,0.662,Co,1.75,1.88,68.5,9,2.3,-0.351,-1.176,-1.74,-0.866,-1.266,0.874,0.474,0.874
Co[Cr1.75Co0.25]O4,Co,1,1.88,79,9,2.3,-0.56,-1.206,0,0,0,0,0,0,0,0,Cr,1.75,1.66,75.5,6,2.5,-3.695,0.662,Co,0.25,1.88,68.5,9,2.3,-0.351,-1.176,-2.503,0.468,-1.769,2.971,0.734,2.971
[Mn0.125Co0.875]Co2O4,Mn,0.125,1.55,81,7,2.3,-0.666,1.014,Co,0.875,1.88,79,9,2.3,-0.56,-1.206,Co,2,1.88,68.5,9,2.3,-0.351,-1.176,0,0,0,0,0,0,0,0,-1.537,-0.938,-0.776,0.599,0.761,0.761
[Mn0.875Co0.125]Co2O4,Mn,0.875,1.55,81,7,2.3,-0.666,1.014,Co,0.125,1.88,79,9,2.3,-0.56,-1.206,Co,2,1.88,68.5,9,2.3,-0.351,-1.176,0,0,0,0,0,0,0,0,-2.593,-2.016,0.351,0.577,2.944,2.944
Co[Mn0.25Co1.75]O4,Co,1,1.88,79,9,2.3,-0.56,-1.206,0,0,0,0,0,0,0,0,Mn,0.25,1.55,72,7,2.3,-0.687,0.532,Co,1.75,1.88,68.5,9,2.3,-0.351,-1.176,-1.746,-0.996,-1.322,0.75,0.424,0.75
Co[Mn1.75Co0.25]O4,Co,1,1.88,79,9,2.3,-0.56,-1.206,0,0,0,0,0,0,0,0,Mn,1.75,1.55,72,7,2.3,-0.687,0.532,Co,0.25,1.88,68.5,9,2.3,-0.351,-1.176,-2.651,-0.756,-2.05,1.895,0.601,1.895
[Fe0.125Co0.875]Co2O4,Fe,0.125,1.83,75,8,2.3,-1.609,-1.195,Co,0.875,1.88,79,9,2.3,-0.56,-1.206,Co,2,1.88,68.5,9,2.3,-0.351,-1.176,0,0,0,0,0,0,0,0,-2.006,-1.261,-1.315,0.745,0.691,0.745
[Fe0.875Co0.125]Co2O4,Fe,0.875,1.83,75,8,2.3,-1.609,-1.195,Co,0.125,1.88,79,9,2.3,-0.56,-1.206,Co,2,1.88,68.5,9,2.3,-0.351,-1.176,0,0,0,0,0,0,0,0,-2.306,-1.559,-0.753,0.747,1.553,1.553
Co[Fe0.25Co1.75]O4,Co,1,1.88,79,9,2.3,-0.56,-1.206,0,0,0,0,0,0,0,0,Fe,0.25,1.83,69,8,2.3,-2.231,-2.167,Co,1.75,1.88,68.5,9,2.3,-0.351,-1.176,-1.84,-1.189,-1.506,0.651,0.334,0.651
Co[Fe1.75Co0.25]O4,Co,1,1.88,79,9,2.3,-0.56,-1.206,0,0,0,0,0,0,0,0,Fe,1.75,1.83,69,8,2.3,-2.231,-2.167,Co,0.25,1.88,68.5,9,2.3,-0.351,-1.176,-2.739,-1.309,-2.018,1.43,0.721,1.43
[Ni0.125Co0.875]Co2O4,Ni,0.125,1.92,83,10,2.3,0.212,-2.225,Co,0.875,1.88,79,9,2.3,-0.56,-1.206,Co,2,1.88,68.5,9,2.3,-0.351,-1.176,0,0,0,0,0,0,0,0,-1.356,-0.683,-1.163,0.673,0.193,0.673
[Ni0.875Co0.125]Co2O4,Ni,0.875,1.92,83,10,2.3,0.212,-2.225,Co,0.125,1.88,79,9,2.3,-0.56,-1.206,Co,2,1.88,68.5,9,2.3,-0.351,-1.176,0,0,0,0,0,0,0,0,-1.603,-0.744,-2.593,0.859,0.99,0.99
Co[Ni0.25Co1.75]O4,Co,1,1.88,79,9,2.3,-0.56,-1.206,0,0,0,0,0,0,0,0,Ni,0.25,1.92,70,10,2.3,0.375,-2.236,Co,1.75,1.88,68.5,9,2.3,-0.351,-1.176,-1.565,-1.097,-1.398,0.468,0.167,0.468
Co[Ni1.75Co0.25]O4,Co,1,1.88,79,9,2.3,-0.56,-1.206,0,0,0,0,0,0,0,0,Ni,1.75,1.92,70,10,2.3,0.375,-2.236,Co,0.25,1.88,68.5,9,2.3,-0.351,-1.176,-1.253,-2.556,-1.288,1.303,0.035,1.303
[Cu0.125Co0.875]Co2O4,Cu,0.125,1.9,87,11,2.3,-0.862,-1.896,Co,0.875,1.88,79,9,2.3,-0.56,-1.206,Co,2,1.88,68.5,9,2.3,-0.351,-1.176,0,0,0,0,0,0,0,0,-1.644,-1.021,-1.272,0.623,0.372,0.623
[Cu0.875Co0.125]Co2O4,Cu,0.875,1.9,87,11,2.3,-0.862,-1.896,Co,0.125,1.88,79,9,2.3,-0.56,-1.206,Co,2,1.88,68.5,9,2.3,-0.351,-1.176,0,0,0,0,0,0,0,0,-1.843,-1.086,-1.825,0.757,0.018,0.757
Co[Cu0.25Co1.75]O4,Co,1,1.88,79,9,2.3,-0.56,-1.206,0,0,0,0,0,0,0,0,Cu,0.25,1.9,87,11,2.3,-0.525,-1.828,Co,1.75,1.88,68.5,9,2.3,-0.351,-1.176,-1.525,-1.22,-1.125,0.305,0.4,0.4
Co[Cu1.75Co0.25]O4,Co,1,1.88,79,9,2.3,-0.56,-1.206,0,0,0,0,0,0,0,0,Cu,1.75,1.9,87,11,2.3,-0.525,-1.828,Co,0.25,1.88,68.5,9,2.3,-0.351,-1.176,-0.678,-2.738,-1.376,2.06,0.698,2.06
[Zn0.125Co0.875]Co2O4,Zn,0.125,1.65,88,12,2.3,-0.106,-5.304,Co,0.875,1.88,79,9,2.3,-0.56,-1.206,Co,2,1.88,68.5,9,2.3,-0.351,-1.176,0,0,0,0,0,0,0,0,-1.471,-0.776,-1.518,0.695,0.047,0.695
[Zn0.875Co0.125]Co2O4,Zn,0.875,1.65,88,12,2.3,-0.106,-5.304,Co,0.125,1.88,79,9,2.3,-0.56,-1.206,Co,2,1.88,68.5,9,2.3,-0.351,-1.176,0,0,0,0,0,0,0,0,-1.338,-0.638,-5.214,0.7,3.876,3.876
Co[Zn0.25Co1.75]O4,Co,1,1.88,79,9,2.3,-0.56,-1.206,0,0,0,0,0,0,0,0,Zn,0.25,1.65,88,12,2.3,0.601,-6.057,Co,1.75,1.88,68.5,9,2.3,-0.351,-1.176,-1.443,-1.996,-1.002,0.553,0.441,0.553
Co[Zn1.75Co0.25]O4,Co,1,1.88,79,9,2.3,-0.56,-1.206,0,0,0,0,0,0,0,0,Zn,1.75,1.65,88,12,2.3,0.601,-6.057,Co,0.25,1.88,68.5,9,2.3,-0.351,-1.176,-0.257,-5.104,-2.174,4.847,1.917,4.847
LiLi2O4,Li,1,0.98,90,1,2.05,0.217,6.647,0,0,0,0,0,0,0,0,Li,2,0.98,90,1,2.05,0.88,8.847,0,0,0,0,0,0,0,0,-0.396,9.133,9.191,9.529,9.587,9.587
NiNi2O4,Ni,1,1.92,83,10,2.3,0.212,-2.225,0,0,0,0,0,0,0,0,Ni,2,1.92,70,10,2.3,0.375,-2.236,0,0,0,0,0,0,0,0,-1.122,-2.858,-4.085,1.736,2.963,2.963
ZnZn2O4,Zn,1,1.65,88,12,2.3,-0.106,-5.304,0,0,0,0,0,0,0,0,Zn,2,1.65,88,12,2.3,0.601,-6.057,0,0,0,0,0,0,0,0,0.591,-5.907,-5.177,6.498,5.768,6.498
